"X1.lambda","X2.lambda","X3.lambda","X4.lambda"
0.070019312,0.068334206,0.074032207,0.082834756
0.062850075,0.073480608,0.067269546,0.069294894
0.082044907,0.055043205,0.072879353,0.086728865
0.067702645,0.068035594,0.071358339,0.058046121
0.08459685,0.067947992,0.081174214,0.079047135
0.065021334,0.059834062,0.069282553,0.070177146
0.054498741,0.085800452,0.067461838,0.080929448
0.1031762,0.090857871,0.069346353,0.072683478
0.069447936,0.081986135,0.075262257,0.083619258
0.077617584,0.075015086,0.064096233,0.080520263
0.070588694,0.061221371,0.07296887,0.069771576
0.089645996,0.072756316,0.10407615,0.062077064
0.064704329,0.067659361,0.067212191,0.062146974
0.075735978,0.078073049,0.057444584,0.087259568
0.071848581,0.070582681,0.09035148,0.060215762
0.07828839,0.066812634,0.068123794,0.076427362
0.061065706,0.061957492,0.066708704,0.063601483
0.079636259,0.091740621,0.069683556,0.060439269
0.077292503,0.070230967,0.05787256,0.061173932
0.069698714,0.097692813,0.09770647,0.066691439
0.070432512,0.06104508,0.090271522,0.068522765
0.073523824,0.072088306,0.063244817,0.066607113
0.071547366,0.075159185,0.09207139,0.070969914
0.090112072,0.078709696,0.054355872,0.068999277
0.078032132,0.079719633,0.078067063,0.067366713
0.065263044,0.084065647,0.063018968,0.077422566
0.070098321,0.065020055,0.082504433,0.075056131
0.072706537,0.079088136,0.088473602,0.078992086
0.071000515,0.061846336,0.073569266,0.081123627
0.076828882,0.080904836,0.072647682,0.086290977
0.10175193,0.061302477,0.059156899,0.091878697
0.067182601,0.070768017,0.094004195,0.096942437
0.070890152,0.08466399,0.054457536,0.057376226
0.066063845,0.060788314,0.066509327,0.072385013
0.073709935,0.08380343,0.065036726,0.071603256
0.08427668,0.071769969,0.07652028,0.075596766
0.079860485,0.076500975,0.062161009,0.062961375
0.074025753,0.061312072,0.093435831,0.085557984
0.087528781,0.081818973,0.074217635,0.066907501
0.080328383,0.076270116,0.081065434,0.065122932
0.069043914,0.071665232,0.065497806,0.067273568
0.082233447,0.06931171,0.07176128,0.082663305
0.06342634,0.074186392,0.069234265,0.072942418
0.064819394,0.072973422,0.081945247,0.074169082
0.071678736,0.06815912,0.063794523,0.07120919
0.057907632,0.077920456,0.081211129,0.064603849
0.062270062,0.067232289,0.084189,0.097986587
0.066086336,0.059935334,0.074707924,0.060620035
0.068871184,0.06029559,0.070654259,0.078970927
0.076336363,0.067472893,0.082441915,0.074392513
0.077539054,0.077439798,0.07684596,0.065694389
0.061159601,0.068850777,0.071521788,0.086877107
0.086859775,0.078717683,0.06896127,0.087301811
0.073146351,0.074135103,0.066083008,0.082925248
0.067441387,0.07870531,0.065428994,0.075022924
0.077795697,0.072643303,0.076212699,0.087839834
0.071382432,0.07772661,0.056452196,0.068440813
0.072805258,0.064027401,0.055949012,0.056883169
0.072055321,0.059896155,0.057239395,0.088208655
0.085834621,0.088380209,0.08416917,0.067852114
0.087178947,0.066589002,0.063689021,0.07299282
0.066473313,0.062623236,0.079110257,0.062052805
0.076086518,0.086682391,0.080826032,0.059402995
0.071928115,0.087625093,0.083597018,0.079936795
0.10390556,0.086504771,0.081458912,0.089108816
0.052477791,0.082655778,0.091406521,0.068049678
0.051884545,0.081108071,0.060791544,0.075973901
0.09267611,0.071414001,0.072878307,0.075890274
0.06707748,0.080910031,0.056815745,0.072049252
0.069212014,0.069680874,0.058723729,0.081546606
0.072187448,0.079351814,0.067092711,0.083194036
0.063114426,0.072128619,0.07497408,0.088239781
0.086932132,0.083706416,0.083310034,0.056031967
0.079620331,0.068508157,0.075981686,0.080256115
0.072986552,0.067746499,0.066636383,0.08294255
0.091705487,0.065871545,0.09144731,0.069288695
0.084705398,0.067841721,0.054949745,0.092359575
0.070928605,0.069652935,0.075682861,0.068236023
0.092552654,0.065416499,0.06623108,0.072046243
0.072899571,0.08232597,0.062380423,0.07523445
0.077054519,0.073404867,0.083311476,0.074738849
0.077853325,0.069174776,0.1157896,0.080041874
0.068134585,0.070706385,0.11288633,0.083520656
0.069311624,0.072100768,0.061176846,0.057184635
0.06514612,0.092526345,0.066153772,0.090612956
0.083854113,0.053685954,0.086729368,0.06865924
0.074360191,0.079410564,0.065134245,0.083143567
0.068778158,0.071560921,0.069692591,0.079836683
0.071407859,0.094327216,0.054719709,0.084325964
0.085666725,0.052002257,0.053396549,0.087157952
0.078708419,0.076272356,0.078904867,0.059345289
0.072091811,0.069075557,0.084445381,0.06555452
0.081636983,0.083625944,0.065931809,0.053850433
0.068478148,0.076403932,0.069194368,0.062349474
0.083085629,0.076535369,0.063781269,0.076488788
0.064740792,0.074463377,0.071935059,0.05599035
0.081701404,0.066867684,0.076170652,0.093618506
0.058973714,0.069124603,0.069303873,0.06909933
0.059117156,0.078829531,0.073124221,0.069729604
0.089578894,0.074122405,0.070243432,0.059694878
0.078083249,0.10393289,0.069834082,0.079324127
0.068769385,0.056160406,0.075514841,0.067910626
0.072166559,0.066136407,0.087167817,0.067172215
0.066013136,0.076849624,0.085572077,0.081083479
0.092356051,0.069715743,0.062532379,0.068045052
0.093256127,0.098219001,0.08224811,0.08427943
0.052368995,0.097151228,0.07247112,0.071970057
0.077026782,0.060723779,0.072993205,0.088692884
0.052513148,0.077584391,0.070077299,0.057983043
0.08690842,0.072661949,0.065099182,0.091889148
0.052432699,0.079727709,0.060577744,0.10045107
0.065549499,0.090693544,0.061837065,0.061756363
0.080556538,0.085473578,0.062420976,0.10851735
0.080120278,0.093359038,0.092028289,0.10444037
0.066448255,0.064701459,0.055437723,0.058956973
0.092996032,0.093250568,0.082941263,0.10196893
0.082156343,0.092765347,0.080162007,0.053702743
0.08302776,0.090929768,0.075391327,0.097501262
0.06310675,0.05667855,0.073536303,0.059216176
0.090016968,0.096987677,0.075216492,0.069915177
0.076314544,0.058966476,0.066976719,0.069611183
0.066134265,0.075726477,0.076679034,0.093701335
0.055888102,0.065385606,0.066334468,0.062865053
0.058630103,0.080619677,0.088832675,0.089496076
0.064329702,0.067880198,0.078447821,0.068310642
0.086446447,0.077037513,0.07634346,0.067926563
0.070662387,0.069757618,0.0721105,0.090656689
0.069416458,0.066905195,0.076204575,0.0691927
0.070988114,0.073081635,0.068685672,0.058747498
0.071004117,0.067943287,0.073761133,0.072151187
0.061811669,0.075832836,0.061714357,0.07064099
0.063110714,0.071951131,0.07339874,0.07980236
0.078181002,0.086083404,0.067934722,0.079761602
0.085522564,0.082770118,0.068108134,0.069632333
0.076009341,0.059067847,0.061993397,0.081466789
0.088333135,0.093455726,0.063601917,0.069776216
0.077357659,0.05629731,0.057269995,0.087895096
0.081635163,0.083750497,0.088541834,0.073608742
0.068592749,0.057399101,0.069907997,0.068458901
0.071285801,0.082046042,0.072496997,0.074475241
0.064748983,0.074043092,0.06358947,0.070137531
0.08237364,0.066554544,0.076719428,0.060051014
0.092291864,0.073891277,0.066292407,0.084417364
0.058605005,0.077670572,0.069949371,0.07087785
0.08806751,0.053369345,0.062114814,0.074541278
0.066905455,0.1010693,0.087778494,0.072992443
0.079761922,0.060210499,0.080970767,0.078546763
0.063625231,0.058795133,0.068186184,0.076268216
0.068096431,0.066852924,0.08362931,0.071383501
0.073195213,0.070171352,0.080300806,0.064602069
0.082035101,0.088441772,0.066309172,0.064574854
0.072982863,0.06342353,0.069251498,0.065619232
0.058228142,0.074373567,0.10009088,0.083844926
0.077265171,0.090645409,0.05911972,0.097183227
0.068712901,0.060421996,0.10998023,0.061787174
0.077924667,0.057104379,0.091709908,0.067644615
0.08091011,0.061477375,0.058633307,0.080470021
0.06716675,0.10566895,0.066314151,0.08104118
0.07966576,0.098561365,0.060890925,0.084203933
0.063788699,0.079989834,0.080384723,0.083082178
0.065407075,0.08765736,0.063662685,0.069487746
0.093144822,0.092013454,0.07242361,0.067493103
0.09409791,0.062023915,0.073715411,0.066002363
0.099674342,0.06175623,0.054501485,0.092157976
0.065075543,0.075815361,0.075013925,0.054659462
0.08608733,0.073817376,0.061445803,0.099274819
0.079958846,0.082437021,0.06104198,0.061263793
0.054300786,0.079977882,0.087832403,0.067876444
0.094684552,0.086969671,0.061006911,0.097629452
0.091108381,0.062133575,0.07621926,0.07242311
0.077680966,0.076918961,0.0830486,0.074157342
0.07692264,0.060160946,0.065907185,0.069042166
0.072395843,0.064177829,0.070965935,0.069677283
0.079360762,0.075994175,0.062666355,0.082090767
0.059045937,0.071591687,0.056041697,0.061634316
0.07383343,0.078441154,0.095090794,0.077047261
0.0715393,0.058540214,0.06351034,0.070641541
0.07056115,0.1170483,0.1023689,0.064795611
0.05790001,0.045473219,0.059510075,0.061349228
0.066147425,0.049238045,0.075774957,0.084491776
0.062617493,0.094332414,0.064409294,0.073646822
0.093567933,0.061592982,0.07821211,0.067067295
0.063467336,0.080866664,0.075916523,0.070497196
0.071826243,0.078746769,0.065724064,0.075100106
0.081605263,0.061918656,0.092303842,0.063935257
0.078157131,0.083175653,0.061607586,0.078815263
0.072218993,0.072707305,0.078088036,0.077313201
0.0936583,0.081328626,0.078987646,0.082391119
0.054839285,0.063637768,0.080952731,0.059115079
0.069544308,0.07713294,0.075610036,0.083967541
0.071934225,0.079494029,0.074504363,0.057083866
0.064247865,0.095365929,0.070856143,0.080569249
0.054509853,0.079825425,0.063181626,0.06928827
0.057347651,0.070679302,0.087348474,0.084035709
0.083028892,0.070698764,0.094873199,0.061361256
0.065409372,0.07075536,0.057861723,0.092001864
0.067729491,0.090735375,0.065133151,0.061902592
0.072287406,0.064060856,0.0751574,0.074235278
0.066623518,0.080205907,0.071226956,0.083623923
0.075005036,0.07649599,0.093618418,0.075176699
0.076553142,0.072114634,0.061125618,0.065801933
0.063435336,0.083233791,0.072641596,0.071623813
0.073513697,0.071673588,0.088940126,0.06001776
0.084822279,0.073764588,0.059556639,0.11012709
0.098459349,0.068671285,0.10347127,0.091182953
0.056455865,0.070213089,0.097048233,0.055158721
0.065454752,0.049248161,0.079335404,0.070762686
0.080233107,0.073887288,0.06712338,0.073347898
0.069619497,0.056686121,0.059545201,0.059586851
0.071517944,0.061606582,0.070488019,0.096586913
0.057149935,0.081509462,0.060146945,0.06375571
0.06117291,0.070249693,0.072034076,0.073539111
0.08057187,0.053561123,0.072018769,0.056534738
0.073043841,0.068855824,0.074526382,0.062153457
0.092686721,0.061705925,0.087417492,0.087291451
0.072540172,0.072353404,0.088779417,0.08267929
0.082908872,0.068575214,0.058739126,0.063938369
0.078825924,0.067696868,0.091145027,0.075190849
0.078837295,0.070756077,0.061873049,0.077583018
0.078662429,0.063873677,0.092898132,0.083372186
0.058333361,0.074484129,0.056318514,0.082557431
0.064490431,0.084509625,0.061906562,0.078526622
0.074662572,0.063154031,0.065266717,0.076073457
0.073342534,0.06725446,0.068644838,0.075475752
0.091005795,0.074450446,0.086566052,0.055380115
0.061342832,0.062186122,0.069771735,0.10147995
0.093988674,0.07491132,0.066215793,0.079580657
0.083016739,0.07404531,0.066443038,0.080708036
0.075465594,0.086795507,0.073878004,0.070393226
0.062698714,0.068562211,0.064422064,0.07814599
0.08522691,0.061713468,0.073699623,0.061872084
0.065612486,0.061448677,0.064123398,0.086987891
0.074454717,0.092999271,0.091460541,0.065700261
0.080976591,0.082986095,0.072704734,0.077307354
0.07953737,0.065231908,0.068174826,0.11804718
0.054938307,0.086310933,0.087473479,0.054300757
0.087602972,0.058094932,0.060303654,0.066080138
0.080662001,0.091757971,0.085189118,0.075527474
0.058717639,0.073853388,0.058987434,0.09097575
0.077449406,0.058655967,0.066173424,0.074644061
0.075926353,0.07348241,0.071892046,0.068022663
0.074564301,0.07713265,0.059458205,0.076618681
0.07531558,0.0691264,0.091811582,0.067692685
0.083111605,0.067627306,0.080563299,0.075095433
0.066126393,0.082709588,0.069951647,0.078074848
0.078901664,0.069797646,0.099879651,0.07701689
0.079044065,0.069026333,0.071709187,0.071307591
0.0833668,0.064726495,0.075867128,0.075903595
0.06997915,0.055437296,0.071932848,0.059624488
0.073077329,0.052457648,0.088334183,0.062430072
0.076430882,0.10490734,0.095875257,0.082790802
0.087597048,0.10773744,0.073221826,0.088608342
0.052174785,0.090886481,0.065281324,0.069440099
0.084818953,0.040166015,0.071235598,0.068451398
0.089594359,0.1107468,0.081946666,0.066376705
0.088619884,0.051053157,0.086251094,0.067042463
0.065970326,0.087014455,0.059777647,0.056055706
0.10244833,0.069048759,0.082818011,0.072873231
0.070654055,0.067486472,0.077866828,0.059717691
0.062246314,0.085733844,0.058754412,0.073790662
0.058131477,0.077276847,0.067039,0.067850454
0.081145521,0.065399465,0.072466286,0.071570486
0.074185016,0.080973135,0.093782097,0.063013386
0.081223099,0.067604398,0.055875985,0.05326855
0.065063273,0.078185629,0.067189635,0.080027388
0.059393133,0.078818447,0.0505578,0.071182884
0.075928727,0.056716727,0.05602213,0.076521554
0.068274176,0.073578593,0.074003335,0.064556156
0.075765526,0.056227373,0.068885081,0.081241542
0.082720252,0.083068739,0.068644613,0.083048392
0.079487567,0.084963799,0.065507841,0.070078653
0.094414282,0.072150083,0.071284266,0.081598662
0.094348629,0.080665842,0.078025145,0.075478561
0.065487637,0.077293672,0.094266074,0.057169658
0.065378278,0.075672352,0.073908403,0.10506949
0.0630588,0.071269742,0.067010884,0.07154378
0.08659497,0.070149932,0.081999343,0.087728867
0.066296449,0.079753124,0.098036196,0.063061057
0.073706457,0.070112199,0.062616487,0.051036761
0.07759414,0.08493291,0.062022924,0.084049306
0.078599787,0.080895279,0.0679534,0.050572978
0.073879575,0.067493823,0.06426794,0.052398791
0.075488835,0.084510659,0.068806207,0.087989413
0.066588909,0.061820868,0.082548912,0.090977194
0.067193083,0.053780744,0.071008143,0.05458564
0.087116969,0.092632698,0.074142918,0.054763575
0.07295827,0.090368712,0.067593095,0.064410406
0.079469236,0.074794349,0.087402579,0.063464109
0.065835852,0.093564039,0.080065141,0.07312904
0.076724506,0.069066422,0.10782845,0.062070653
0.076439915,0.062256175,0.044799288,0.083475017
0.070260675,0.070679828,0.094226041,0.086288086
0.071458273,0.088171784,0.079434028,0.062525279
0.074990444,0.07061651,0.058544884,0.081757369
0.066571187,0.066782389,0.085860327,0.071898861
0.089856005,0.065415656,0.089055947,0.074245509
0.082660727,0.069340467,0.060072947,0.06047932
0.070448863,0.084221728,0.052239897,0.056985643
0.071239383,0.066407757,0.063005643,0.093110505
0.086918407,0.083248467,0.083951401,0.059701643
0.061281351,0.065601117,0.056270361,0.083835171
0.077372855,0.082488228,0.076952667,0.077083633
0.063211946,0.064915984,0.073933379,0.080600709
0.078477358,0.077275598,0.085807908,0.068673003
0.063063355,0.062724405,0.068889364,0.078861103
0.069297707,0.077347367,0.057080309,0.058490388
0.062406344,0.06806048,0.078865711,0.077739557
0.074720803,0.082163991,0.08536039,0.071789382
0.072881302,0.067869079,0.06214545,0.087622034
0.062552183,0.076155458,0.085153294,0.084372678
0.083024516,0.071791302,0.091384043,0.067221008
0.055752509,0.066387785,0.06489442,0.094902252
0.072511918,0.093036467,0.052845432,0.059330862
0.078544322,0.059763377,0.080810989,0.089667265
0.064531408,0.086181887,0.081766617,0.055077272
0.06029507,0.075973429,0.068266362,0.065835079
0.077024013,0.069261485,0.076794235,0.060698737
0.065858498,0.07091043,0.075522875,0.068888664
0.075438599,0.076491574,0.10231394,0.085667675
0.077892037,0.068976366,0.10227991,0.073184897
0.085482836,0.055559106,0.054192563,0.08209094
0.095203934,0.070315747,0.096806732,0.084322979
0.091830887,0.068246034,0.054797396,0.08203968
0.059650452,0.085769614,0.065092333,0.084636724
0.075069152,0.085777902,0.070350098,0.08167254
0.060382329,0.085188467,0.074449349,0.045211856
0.065755242,0.062938129,0.064327565,0.051050121
0.07476865,0.081517133,0.083990608,0.073319214
0.069701134,0.072642358,0.06234915,0.076339904
0.060849987,0.081727481,0.07154248,0.070453394
0.062912045,0.075183504,0.069865161,0.07844761
0.08553869,0.062761041,0.072362412,0.071316138
0.072122489,0.067688649,0.073322105,0.076731661
0.067881537,0.086308154,0.077789594,0.063707079
0.060145228,0.069620417,0.065861732,0.091621613
0.063183378,0.079514257,0.073918345,0.093124264
0.075237316,0.088420206,0.078933894,0.093898556
0.070191682,0.08708887,0.052682384,0.089274571
0.072445673,0.10212856,0.083841835,0.065188295
0.082284904,0.052939305,0.070742531,0.073923711
0.066768844,0.071570365,0.071393627,0.065583912
0.075710987,0.055860192,0.10125457,0.070675816
0.067151339,0.071397842,0.063108844,0.079371213
0.094908821,0.072550595,0.070872423,0.069063011
0.054727204,0.09575877,0.059053945,0.065329281
0.093519795,0.045300536,0.085229356,0.069287157
0.079837161,0.082563359,0.078066985,0.087400134
0.073712116,0.072842519,0.078971164,0.083402801
0.06086246,0.071804242,0.057832044,0.07567979
0.062037866,0.083822398,0.060827556,0.070988432
0.053064516,0.057583014,0.08772779,0.061411392
0.078883233,0.084570305,0.061976051,0.090660582
0.061434677,0.056258929,0.067512547,0.067549611
0.0520831,0.093732215,0.08950374,0.078578021
0.060177464,0.052466023,0.0672424,0.080784441
0.080378589,0.072156278,0.064177639,0.072927571
0.068399096,0.081031952,0.058806653,0.075768462
0.063950982,0.065321418,0.072649116,0.064146886
0.072430177,0.070469894,0.06318328,0.084346574
0.069321492,0.06710663,0.066680278,0.077936
0.072737135,0.072862931,0.070000234,0.068168291
0.060781066,0.068965083,0.077080983,0.070237192
0.070680713,0.065322128,0.071407891,0.095127008
0.078835137,0.073636079,0.072993964,0.059192305
0.079358338,0.075789135,0.063367052,0.08656796
0.075761606,0.057703186,0.084713911,0.066331552
0.076938967,0.090779409,0.076101092,0.087579302
0.064756141,0.059700152,0.060267316,0.06939795
0.087890649,0.09707926,0.089387553,0.075046395
0.068641558,0.058845151,0.053424533,0.058790513
0.07504195,0.064433433,0.070064761,0.076362955
0.065781998,0.07788231,0.058187522,0.078269119
0.071838622,0.08878937,0.0774527,0.069878028
0.056735662,0.053497234,0.078918433,0.099274395
0.061577459,0.081330412,0.081557998,0.066485226
0.07763232,0.080251087,0.064927817,0.07956307
0.074529399,0.077849145,0.082903307,0.075559261
0.079165805,0.065069503,0.067637899,0.069680863
0.07781348,0.080386762,0.088198104,0.061500406
0.067946507,0.069414174,0.088928414,0.079508834
0.087285771,0.07670637,0.060899333,0.071092905
0.067628604,0.07017073,0.067387287,0.06586845
0.073861513,0.079011392,0.0724351,0.074672332
0.11042973,0.074876477,0.068482011,0.066238942
0.046426706,0.073294594,0.08774996,0.091042031
0.11544161,0.076604947,0.070850927,0.059497027
0.065534052,0.061136014,0.07827274,0.079222366
0.079892736,0.07051582,0.065233631,0.088656683
0.063590275,0.076351732,0.093255702,0.062890137
0.065646888,0.077544932,0.086134078,0.085204682
0.082284308,0.072854463,0.059323566,0.074914225
0.076799959,0.07184427,0.076439637,0.089036194
0.06929994,0.074830061,0.078439292,0.073217776
0.065403239,0.064868378,0.073851768,0.073514832
0.075881849,0.064527228,0.06809624,0.092835683
0.074939922,0.065469529,0.088061272,0.075187131
0.077249419,0.058856349,0.064550242,0.074670931
0.068691606,0.08042495,0.077112337,0.099432197
0.07874934,0.059446552,0.082198014,0.058245331
0.067315326,0.10512605,0.06491115,0.074953076
0.080185079,0.063056582,0.09569069,0.083192545
0.070676844,0.076919386,0.057806016,0.068041681
0.093037636,0.076604776,0.063283306,0.094380005
0.073603615,0.086673316,0.062773699,0.060595178
0.07681398,0.066772012,0.079314128,0.072906619
0.069015059,0.065564164,0.068951639,0.067729667
0.060657512,0.076447427,0.073575867,0.066861496
0.070080957,0.061751762,0.065855966,0.055639593
0.064904449,0.074932477,0.081075092,0.065401293
0.063627307,0.072040663,0.07305614,0.097416629
0.057868727,0.072273857,0.070740436,0.062016199
0.087563717,0.056980235,0.073821339,0.097281677
0.076940242,0.084445645,0.073475215,0.072870214
0.067400242,0.082937588,0.091292685,0.076235386
0.057483066,0.065874511,0.080269572,0.06048148
0.056214077,0.089357683,0.05389987,0.089491656
0.087177841,0.08027098,0.078691461,0.049815947
0.067857275,0.060634209,0.072177079,0.10242818
0.075877791,0.076127362,0.070299203,0.072902643
0.086901987,0.074019436,0.10151487,0.068923844
0.061873478,0.070773978,0.066750868,0.086004334
0.084234739,0.063425172,0.065450948,0.063794978
0.062977694,0.066391576,0.075685391,0.069662337
0.055654705,0.064443859,0.059922598,0.075041471
0.055735135,0.062033255,0.073708374,0.072085335
0.11591042,0.07918466,0.066278172,0.076059382
0.048407129,0.072468157,0.079506574,0.066952301
0.092346917,0.07041849,0.060310989,0.084068126
0.067366868,0.067439782,0.059697148,0.082783813
0.072085767,0.086335254,0.0698154,0.059275943
0.078799308,0.065656531,0.058906024,0.084912211
0.067821512,0.077475417,0.092183279,0.079682223
0.06931316,0.078073698,0.059002484,0.065810256
0.094828933,0.076231402,0.091193074,0.091608622
0.05425904,0.070190767,0.056805626,0.075650725
0.087402119,0.081430274,0.08190886,0.063566584
0.087217148,0.080429701,0.061053938,0.060294902
0.080992542,0.072992811,0.074733758,0.065183866
0.08815879,0.079159655,0.068835375,0.070004148
0.086493318,0.0578,0.066704908,0.075665535
0.077513324,0.09791985,0.069893719,0.071513676
0.050248208,0.05912071,0.064748913,0.062880824
0.094146237,0.083713908,0.071115821,0.058327186
0.070588675,0.068988855,0.071506359,0.053499808
0.07285156,0.077473149,0.065298335,0.06110765
0.070682993,0.07867876,0.080627521,0.077234888
0.078077415,0.077485638,0.058840796,0.067365069
0.069506712,0.075787385,0.078538821,0.069897809
0.076398764,0.071060431,0.072069898,0.093757948
0.072631813,0.068158494,0.068904343,0.049667076
0.071275114,0.071074953,0.075503895,0.069858274
0.076144894,0.082515467,0.080432281,0.076833772
0.073165755,0.064890554,0.093071151,0.07251963
0.071226869,0.06449792,0.067547856,0.065570913
0.076481639,0.072596154,0.069356316,0.060591223
0.070557532,0.072371161,0.080906411,0.096045491
0.063303513,0.075050133,0.076527158,0.063376768
0.049545295,0.070632759,0.080513215,0.06986799
0.062682165,0.053353681,0.073250494,0.07066638
0.073000645,0.066046708,0.07132747,0.060169489
0.070357038,0.053008566,0.072298487,0.080547797
0.070038902,0.050356633,0.066880689,0.076133489
0.062042962,0.078933854,0.072723477,0.075742405
0.077178161,0.069185035,0.075405458,0.083179647
0.065654747,0.087996976,0.077110022,0.062045749
0.076621136,0.084726026,0.069382094,0.078721725
0.068387103,0.067619723,0.070805981,0.080393347
0.073464948,0.064516298,0.06865244,0.073090706
0.07042749,0.058965322,0.064452254,0.073150727
0.07122592,0.068568448,0.066121807,0.071585942
0.071635641,0.075018524,0.082348156,0.080682076
0.065349147,0.072320562,0.068275399,0.063762403
0.090732227,0.076040171,0.079424576,0.059537143
0.063175914,0.079403812,0.077064171,0.092334772
0.082028387,0.063669242,0.083769994,0.082800153
0.061047329,0.076246948,0.082668644,0.066793685
0.058351319,0.050936956,0.066326985,0.071345836
0.073136062,0.075370183,0.086688861,0.091047545
0.061840248,0.074225393,0.059728274,0.073446846
0.067902592,0.071316729,0.092410878,0.062111019
0.070666242,0.073116961,0.056216036,0.097524765
0.099848607,0.07719053,0.081059725,0.084386228
0.058678755,0.064594619,0.074313902,0.076769928
0.06426069,0.085346251,0.068733553,0.076599563
0.071472691,0.060036752,0.071547874,0.094174783
0.068423387,0.067647085,0.084719736,0.07401961
0.083061868,0.078076304,0.087951225,0.084574377
0.065535032,0.068565179,0.078420627,0.053465091
0.078429848,0.071394966,0.065721691,0.089929274
0.070081395,0.071864503,0.074751142,0.087963127
0.072649332,0.070549205,0.051364335,0.058619513
0.078411975,0.069360715,0.063713621,0.070192758
0.066489476,0.079660434,0.073219028,0.069197586
0.086035477,0.069323591,0.072028632,0.075684706
0.081512387,0.084107858,0.071080421,0.077775963
0.071935401,0.058157638,0.077113933,0.059414889
0.064984712,0.085156571,0.071273632,0.079976698
0.087331792,0.088281175,0.062930598,0.059114329
0.066721667,0.085890495,0.086165045,0.064028446
0.07892394,0.087324458,0.080272669,0.070333925
0.074949018,0.08731414,0.066953493,0.077288609
0.078771249,0.058036999,0.06549284,0.069980461
0.071090088,0.070827692,0.081116245,0.066105779
0.069313718,0.082697717,0.073523995,0.072726256
0.089814716,0.06727579,0.054966791,0.083429068
0.08284498,0.063075577,0.057189922,0.082665888
0.054207944,0.072745649,0.07941343,0.077967238
0.099146267,0.073857411,0.058534832,0.078837586
0.076216144,0.056515559,0.09828917,0.08397799
0.067143371,0.098974685,0.060614615,0.06383538
0.066693455,0.098008544,0.073588171,0.071365516
0.087024341,0.10383323,0.066878506,0.082547508
0.062475881,0.054021192,0.073673319,0.065690911
0.085264066,0.062188426,0.069057064,0.072765114
0.080687256,0.073874484,0.068599299,0.09657735
0.09215442,0.070733146,0.081328188,0.090716834
0.057936761,0.083284837,0.080666992,0.069046563
0.057975681,0.063482231,0.058772608,0.0651122
0.092601193,0.059786675,0.092321519,0.079268603
0.09131604,0.072583984,0.10383446,0.067135479
0.062037585,0.060023766,0.062096577,0.07487152
0.079777357,0.085983482,0.068332895,0.079008915
0.080994768,0.067195379,0.091296867,0.058944123
0.069410002,0.084272734,0.054736226,0.072349763
0.066802701,0.067060464,0.077008495,0.097968546
0.07339426,0.066721695,0.061845443,0.10065896
0.0562652,0.064005102,0.065088398,0.11410706
0.075026586,0.091219805,0.073081418,0.07860153
0.064758146,0.062919324,0.074875537,0.072557087
0.079661952,0.066544136,0.061002422,0.076356154
0.079531639,0.072340386,0.064928682,0.071721826
0.082523994,0.076218109,0.056172627,0.066259964
0.067597444,0.05892583,0.062895991,0.061492532
0.085433989,0.083253056,0.066988112,0.079091801
0.075193663,0.06328393,0.1041285,0.059197642
0.066035473,0.083992024,0.052141797,0.096603428
0.054821028,0.07015534,0.057396571,0.060606656
0.088016481,0.089265856,0.068341478,0.068833784
0.067869717,0.061354228,0.078939811,0.068003528
0.073506467,0.074198525,0.069345505,0.079876601
0.082611568,0.079532694,0.058904486,0.060301639
0.07194582,0.077068859,0.07990905,0.072579366
0.07988004,0.076890934,0.063217399,0.051965738
0.080953866,0.080866508,0.080601011,0.086482486
0.080714737,0.083851574,0.054191864,0.093569173
0.069381403,0.068909546,0.071499261,0.059225854
0.084080511,0.066834387,0.073884735,0.069946886
0.081993637,0.093102311,0.067978785,0.079929809
0.090801542,0.071101477,0.0641756,0.058927813
0.087714846,0.055352454,0.047843862,0.077683394
0.069441742,0.069132778,0.096614658,0.070032246
0.072467756,0.077511444,0.074487703,0.082854996
0.076123591,0.078507008,0.098401322,0.061239352
0.065179523,0.088697408,0.065489321,0.071304956
0.066402648,0.057055063,0.060974499,0.078612255
0.058130726,0.072361251,0.098750744,0.06333559
0.079504431,0.080677499,0.059886743,0.083287661
0.076471679,0.070108908,0.10839969,0.082120624
0.081752302,0.089333743,0.10547871,0.062687202
0.060143439,0.057624587,0.072108265,0.07469044
0.071955396,0.061731555,0.075793752,0.096845045
0.064622235,0.081878443,0.070312844,0.081221339
0.075041856,0.081582259,0.079119573,0.079093548
0.087038628,0.059321295,0.073003641,0.065501924
0.06168241,0.060025072,0.076965991,0.078079327
0.094327274,0.070312204,0.081295363,0.08244901
0.07701324,0.071660891,0.065246378,0.085552681
0.074911665,0.072347931,0.091275824,0.064904576
0.075451261,0.083118131,0.057854562,0.068564025
0.070761556,0.092659462,0.082450607,0.093809765
0.091526276,0.073891373,0.072831555,0.062468086
0.057221833,0.075243346,0.072687389,0.05352503
0.065382541,0.090086584,0.074219454,0.069093162
0.062772174,0.069234465,0.061058835,0.10621653
0.086855438,0.068273138,0.093375499,0.084564064
0.057690648,0.074757544,0.061021637,0.087592402
0.062576705,0.079133927,0.080229555,0.06189955
0.060890481,0.07300818,0.074209208,0.091368168
0.081905496,0.072902282,0.0652016,0.064301971
0.085677803,0.068674023,0.076791571,0.06687838
0.10126049,0.073797286,0.081959586,0.069846207
0.085985066,0.064074228,0.067578456,0.080156283
0.072339595,0.066426406,0.088083344,0.074076681
0.084543103,0.094774631,0.061545927,0.077894705
0.085963198,0.084133155,0.10806061,0.078857015
0.081168252,0.071156978,0.054631793,0.075644354
0.065303582,0.074561017,0.05571659,0.094641898
0.082323384,0.079618273,0.092388215,0.087143042
0.095208071,0.063168117,0.058905344,0.064994009
0.074376097,0.078904654,0.062776835,0.089471896
0.092971395,0.085927702,0.096706358,0.065844886
0.055067344,0.064185295,0.060323745,0.10104251
0.093389777,0.061498723,0.078529715,0.066454799
0.058483272,0.070111399,0.084850025,0.068613764
0.077507621,0.083823177,0.068761033,0.071829041
0.074327136,0.068454762,0.076778348,0.065857261
0.06502259,0.078541215,0.077616073,0.069602455
0.082299445,0.065803534,0.082766308,0.067773668
0.072215121,0.070178818,0.058550229,0.069589864
0.054164241,0.062070833,0.095235245,0.090046831
0.059583876,0.077648404,0.058309505,0.083163617
0.06930766,0.066692317,0.090671652,0.078129667
0.083850458,0.066702401,0.071399169,0.06210805
0.057926914,0.082274162,0.064523012,0.078157968
0.078049738,0.079548727,0.074890398,0.064409485
0.055688116,0.069945775,0.085491357,0.085425702
0.077681792,0.076312659,0.092525932,0.061401507
0.067143249,0.057036054,0.058516689,0.070189692
0.075677537,0.088706784,0.096136384,0.087677569
0.08273227,0.060363292,0.084360962,0.060377573
0.079426413,0.10598736,0.064742758,0.083693325
0.079648305,0.074584589,0.070039583,0.088740027
0.067762321,0.06900565,0.073843209,0.064215019
0.089144962,0.079812386,0.059665512,0.059594492
0.059951181,0.096871046,0.080486211,0.068284759
0.061452795,0.054546876,0.061875324,0.074264134
0.080596928,0.08158281,0.08434825,0.069002886
0.083133571,0.060922269,0.068054224,0.070253391
0.058192644,0.084896481,0.06876035,0.061615725
0.061106817,0.071955926,0.064261723,0.063546744
0.068193977,0.084375327,0.077185009,0.070023423
0.076667846,0.080587661,0.055746871,0.065117149
0.072329355,0.093892747,0.051478967,0.079593416
0.087425141,0.058864749,0.092561422,0.07604963
0.09291261,0.068061688,0.066190681,0.064847068
0.058463554,0.075044594,0.07639157,0.077467169
0.094159273,0.078238527,0.08152363,0.066414342
0.073296842,0.07910598,0.068913927,0.078699516
0.069051224,0.076010092,0.068410301,0.061891269
0.068955264,0.064637289,0.09491515,0.077326435
0.058099049,0.079226331,0.062447813,0.053090447
0.061465233,0.074350079,0.069743035,0.092452707
0.088285932,0.076633754,0.064886264,0.071748661
0.055512981,0.069502398,0.08137963,0.064898014
0.058478384,0.064793455,0.06543303,0.075549733
0.066774544,0.079581285,0.064010493,0.083659539
0.06993186,0.067040259,0.072741278,0.063602836
0.096249175,0.09196161,0.074462342,0.07691097
0.070590238,0.075351351,0.086313247,0.076095546
0.072943047,0.088784848,0.072173825,0.075842547
0.070020044,0.087270095,0.087552816,0.044274287
0.06434998,0.08973561,0.057550033,0.093413301
0.082791379,0.065328503,0.076763659,0.064344912
0.077757925,0.07318925,0.075022128,0.067833397
0.069509768,0.065041872,0.086342456,0.058299906
0.073576425,0.096133119,0.088269198,0.086430491
0.07882295,0.055899014,0.066625918,0.084897232
0.079901894,0.061047816,0.086050798,0.073190022
0.078659069,0.080027063,0.054256361,0.068296433
0.087128165,0.099010954,0.053201894,0.059602961
0.065638946,0.076524345,0.068661403,0.079186303
0.075689038,0.063937793,0.065950871,0.072332988
0.08409437,0.061301224,0.05756972,0.071446491
0.075935463,0.09002267,0.082934477,0.064178399
0.071462582,0.062142944,0.064567874,0.058456024
0.063385081,0.068793477,0.075969062,0.06544503
0.059435738,0.084054636,0.065036265,0.074756202
0.080487834,0.083506889,0.079429541,0.062720208
0.068643352,0.064774467,0.077402167,0.065481292
0.09076661,0.063725986,0.07059286,0.079763764
0.090170212,0.062720258,0.061839411,0.071828682
0.08139604,0.088494462,0.064330711,0.078436901
0.086039846,0.059829864,0.06383807,0.053168927
0.062546261,0.078906193,0.078024328,0.078881866
0.089505015,0.068668122,0.079718437,0.065398376
0.073401894,0.069332108,0.063367452,0.065860033
0.080814881,0.080506387,0.092270284,0.093630004
0.069188594,0.067563182,0.072936952,0.065383387
0.081918942,0.071866119,0.056410933,0.068866749
0.064267476,0.075331478,0.093913717,0.068437361
0.052677284,0.074003163,0.068626086,0.073568999
0.053035578,0.074586608,0.068996656,0.075689433
0.077491202,0.067833466,0.079711147,0.097971637
0.079658743,0.066130225,0.057683663,0.079645297
0.068810358,0.054035506,0.082917915,0.082120627
0.063173364,0.062330255,0.068988851,0.083939064
0.075281153,0.055933295,0.078347226,0.091788697
0.10779356,0.086651083,0.070797726,0.064169912
0.066589052,0.057938867,0.067324866,0.094111069
0.082398658,0.072529342,0.090915495,0.063849978
0.093339556,0.075829284,0.086842106,0.082550296
0.059867912,0.08413161,0.074118001,0.069218059
0.075729473,0.089318557,0.075127009,0.074598524
0.066184352,0.10470226,0.064771377,0.070878842
0.079764847,0.047961302,0.075807097,0.083590108
0.076214765,0.10225897,0.061752745,0.067295831
0.070243711,0.066415295,0.078708835,0.070149766
0.079324853,0.1118235,0.076775115,0.06560454
0.065407248,0.08064632,0.059282185,0.065049997
0.074105909,0.074054868,0.082108891,0.071812444
0.055534017,0.070406993,0.065551509,0.08004889
0.085784405,0.10270986,0.072946211,0.081428565
0.068990162,0.054103884,0.076832419,0.089841039
0.072861441,0.089587607,0.073093059,0.076105826
0.056738011,0.066821284,0.06336335,0.081659477
0.098859351,0.084413374,0.08524948,0.067424788
0.066195627,0.094416321,0.064473747,0.081740135
0.067304567,0.069532265,0.07111763,0.068349362
0.074708013,0.071712261,0.061321764,0.057705718
0.085007104,0.064926373,0.066052984,0.08231176
0.076113944,0.061813867,0.079941251,0.07110788
0.070761279,0.068254731,0.062314046,0.07254705
0.078552918,0.065621655,0.083012608,0.078703046
0.074193982,0.074838365,0.072179877,0.081791821
0.071789986,0.060817454,0.051592471,0.081234262
0.07415822,0.072719889,0.098828688,0.070611063
0.056891651,0.062143543,0.058207321,0.080652835
0.093097508,0.089705722,0.068724082,0.07990269
0.056123749,0.07693052,0.069235161,0.060508756
0.080847925,0.077531109,0.078840116,0.069179335
0.060609322,0.092040088,0.068586899,0.06827414
0.060068158,0.095618557,0.076486391,0.0600701
0.098153385,0.057352471,0.073480168,0.085789826
0.099135427,0.072531503,0.073583823,0.074446069
0.06165488,0.062987923,0.06871933,0.074571594
0.10858567,0.073933361,0.084288227,0.064389615
0.069720445,0.071079723,0.081759414,0.059476415
0.063758766,0.06990089,0.073320912,0.078738859
0.063697732,0.072476077,0.061489474,0.075666135
0.07735427,0.06713241,0.091689839,0.062254501
0.073767394,0.064561699,0.062905852,0.077669205
0.071956174,0.073866411,0.098635169,0.074777262
0.072872945,0.080490444,0.069412185,0.081961549
0.079622904,0.062605299,0.066411018,0.088536396
0.084377403,0.062586895,0.071167323,0.057881221
0.086128989,0.067023558,0.063794445,0.06026975
0.067036969,0.064783693,0.076549312,0.077183184
0.062559999,0.066032823,0.073833157,0.056719258
0.074144705,0.072543862,0.075042943,0.065915781
0.097421011,0.079003181,0.074182215,0.080364664
0.069367505,0.065726137,0.065541072,0.082495526
0.08345847,0.069910414,0.063914489,0.083904779
0.065633023,0.060565367,0.078218248,0.085114492
0.066593278,0.072962618,0.055999132,0.0645935
0.068643098,0.071233378,0.072810493,0.10741888
0.067717168,0.063174085,0.07349621,0.066520856
0.069230937,0.0686812,0.07025533,0.071492366
0.088592535,0.088860731,0.063489782,0.07640452
0.065677104,0.05966013,0.099014062,0.072314472
0.067513578,0.057591689,0.095540889,0.058555384
0.067784602,0.057442682,0.066984625,0.078594299
0.063686199,0.062317706,0.085876393,0.077269832
0.07044375,0.070653018,0.075153316,0.0766467
0.081099407,0.06527729,0.08216595,0.075054398
0.073707233,0.071983735,0.0833416,0.072210061
0.071889196,0.071803878,0.0792602,0.067691863
0.088720833,0.078441642,0.081936476,0.070225176
0.080366136,0.076712194,0.07729887,0.089987582
0.080595143,0.071750913,0.10968681,0.075957061
0.064942183,0.075428897,0.044225594,0.092350143
0.092584866,0.072764825,0.082589506,0.077392833
0.079336568,0.085814128,0.055510076,0.093407412
0.069261791,0.068256192,0.084197738,0.085986965
0.074652661,0.093126465,0.059637742,0.069091821
0.071320456,0.099373303,0.082839807,0.065274913
0.079930066,0.073642145,0.097720263,0.071306584
0.073160817,0.079681594,0.060398967,0.06908282
0.088887823,0.074894094,0.070339128,0.067654231
0.071113435,0.08193066,0.076791105,0.07192631
0.079872536,0.077849706,0.067434803,0.067994548
0.081003244,0.07361507,0.070177443,0.077630144
0.06888724,0.087402064,0.054775799,0.069272799
0.063313204,0.08741465,0.088639751,0.088247093
0.07871242,0.072053709,0.094001162,0.07244462
0.068939298,0.072147826,0.065299405,0.070144661
0.068715883,0.068709538,0.083980375,0.065533617
0.076720107,0.063534267,0.062506218,0.071027985
0.06030804,0.063179296,0.07551262,0.075701349
0.064561107,0.066975612,0.084199552,0.07706807
0.077367086,0.084968217,0.065137093,0.069769856
0.10113086,0.054286228,0.069733611,0.063786732
0.05495561,0.076828951,0.07993262,0.067701917
0.071177837,0.058116327,0.068989306,0.065093838
0.092608176,0.0759355,0.07733282,0.062590089
0.074865497,0.059308561,0.054746719,0.087673926
0.067833888,0.065918457,0.087885102,0.051925921
0.058975658,0.077256604,0.087780675,0.080660054
0.056109722,0.098553948,0.070715185,0.072835401
0.085907507,0.11079276,0.070105021,0.083801432
0.066991214,0.098158898,0.074613831,0.061864372
0.061628369,0.054391499,0.074843347,0.090816673
0.063164539,0.062029475,0.060634166,0.060092117
0.10289108,0.095413496,0.079346869,0.071168451
0.069127553,0.053860354,0.075020741,0.074078072
0.075258593,0.062693161,0.07887532,0.081730097
0.069477837,0.07354447,0.069252667,0.079420251
0.080276536,0.077695852,0.074952275,0.075683262
0.06943956,0.053812897,0.0746485,0.076349307
0.086185885,0.1118981,0.088415581,0.070221993
0.067487611,0.064746919,0.059030776,0.08219324
0.077382453,0.080054003,0.052973806,0.069201543
0.073503476,0.055880484,0.086454064,0.071403102
0.059761202,0.060037737,0.064488006,0.065938312
0.091651669,0.085579776,0.057273439,0.067622894
0.058512167,0.086944744,0.10033694,0.076446005
0.066598388,0.090804827,0.087815267,0.080376172
0.07160381,0.087341125,0.086033568,0.068853271
0.047101307,0.07465952,0.076514182,0.058432755
0.063340553,0.075949667,0.10016631,0.074090323
0.074868158,0.097073374,0.056283163,0.059668337
0.064577572,0.08397236,0.060397757,0.085277308
0.067663354,0.084900902,0.077825357,0.063976342
0.073161225,0.094262283,0.065092918,0.064154407
0.06231142,0.05353517,0.081964609,0.082646998
0.061761273,0.04727477,0.066673473,0.062658448
0.068492556,0.047542352,0.07136392,0.091995601
0.056801645,0.10334511,0.074682349,0.066868169
0.069528385,0.06059842,0.06963686,0.073189072
0.074083268,0.091255438,0.088548274,0.078948421
0.091209276,0.077833205,0.073943701,0.060117962
0.09758207,0.068883302,0.055829592,0.056443466
0.077643775,0.071012656,0.089945137,0.075778265
0.071346959,0.061895672,0.063710465,0.04939708
0.068649559,0.096397841,0.091372889,0.066582365
0.072565723,0.049574825,0.058496843,0.10125869
0.07576046,0.092407236,0.067507958,0.073415679
0.068060913,0.081813772,0.065602112,0.061338229
0.067781119,0.06364753,0.080566241,0.079753957
0.068730513,0.077332613,0.061679265,0.069867439
0.06748985,0.070672374,0.076357931,0.070180532
0.084389151,0.073042294,0.069048667,0.068002028
0.069490916,0.070283672,0.064493031,0.060961505
0.080267039,0.072703343,0.081948243,0.072475437
0.06635383,0.0770311,0.064455875,0.07402158
0.085139498,0.070692594,0.063654336,0.071541707
0.072986392,0.07989199,0.079320358,0.079522778
0.09627532,0.087700569,0.073936644,0.0846421
0.067464195,0.092629153,0.062908217,0.066500892
0.073620318,0.086815978,0.055362554,0.087486186
0.08219806,0.093596814,0.083995363,0.072002525
0.062331884,0.06478988,0.068721842,0.082696785
0.088417837,0.081983061,0.070375338,0.070213347
0.066720746,0.088457092,0.075368245,0.090482676
0.057654013,0.084005079,0.067382524,0.084569436
0.072039453,0.067964858,0.083036642,0.075311899
0.084238765,0.068787856,0.058715893,0.069636412
0.064367317,0.093188155,0.083696442,0.06300503
0.07445255,0.089564377,0.070872627,0.059171371
0.07459704,0.06122651,0.07693205,0.081119214
0.06789524,0.10274212,0.058949704,0.068393495
0.065815263,0.057996173,0.10375036,0.071907018
0.084623171,0.10662507,0.064623069,0.076389797
0.08202193,0.063828618,0.064853055,0.071920612
0.073157112,0.072176527,0.092401525,0.069721234
0.068086251,0.1009629,0.057545182,0.073700013
0.060911839,0.060830886,0.094590886,0.081792129
0.084777978,0.10488941,0.061750952,0.06799326
0.06336633,0.096861507,0.075438664,0.081127852
0.074261039,0.063054068,0.065680615,0.068012953
0.076792283,0.071149784,0.077642273,0.072534485
0.071455408,0.071601973,0.072560791,0.067811098
0.090046436,0.068652667,0.06646999,0.068176647
0.062714821,0.0535276,0.064650063,0.068863822
0.079090012,0.07928281,0.07349367,0.083958553
0.060413005,0.084810591,0.076304063,0.070980813
0.064403532,0.048843446,0.084062921,0.05292856
0.072049245,0.080980948,0.065428044,0.095711221
0.084455646,0.064264787,0.077456456,0.057944313
0.075926509,0.086489034,0.06658431,0.055707248
0.08134616,0.073165516,0.065245639,0.057728922
0.079778569,0.080060047,0.061316203,0.062854988
0.079285035,0.07318459,0.067470719,0.06665516
0.072797828,0.072076922,0.079041348,0.062074635
0.06361867,0.081253184,0.065855533,0.065242148
0.070965307,0.067108098,0.066224321,0.076114446
0.091803296,0.083378749,0.087562073,0.069846004
0.076713687,0.064719336,0.067331249,0.063265579
0.078764546,0.095094411,0.075156943,0.057306166
0.06084812,0.05311822,0.072969301,0.086804407
0.083220746,0.093804935,0.074045579,0.083284663
0.06952025,0.095737398,0.070930114,0.078254844
0.080267497,0.069611194,0.056434343,0.077391544
0.069177412,0.07542581,0.084584555,0.073060466
0.063517773,0.074639173,0.088071816,0.067772955
0.082049288,0.054390129,0.071725638,0.069984893
0.066919229,0.078055664,0.089407547,0.086310824
0.084961502,0.063505352,0.051078897,0.055251081
0.059512542,0.079894102,0.084086633,0.055825461
0.074317027,0.087691778,0.069077164,0.082109638
0.07774013,0.0679858,0.073629252,0.05661492
0.066618724,0.065671921,0.073116983,0.074254684
0.068309057,0.10277843,0.071030314,0.062799348
0.069110777,0.10408023,0.071208808,0.094879498
0.079909186,0.094124315,0.074207778,0.095370443
0.082697716,0.077911562,0.063691634,0.062624748
0.060862034,0.057480782,0.060183768,0.080185447
0.075300134,0.068177888,0.076208959,0.080995014
0.076473191,0.076150746,0.075790389,0.099646608
0.057888001,0.089838727,0.093346743,0.057274154
0.076282125,0.06253251,0.056175698,0.09085007
0.073615291,0.10590577,0.059982702,0.074679958
0.066081872,0.073854765,0.080521781,0.068866285
0.07488176,0.08723923,0.063960672,0.1024502
0.061825321,0.06268203,0.074650688,0.070144872
0.084363865,0.072079212,0.075662821,0.061213436
0.06304155,0.074330418,0.099144539,0.078070197
0.070086017,0.071891064,0.055894457,0.07596755
0.071971633,0.065920953,0.095605867,0.071810018
0.079972937,0.085808977,0.084100818,0.068377721
0.066779346,0.09320358,0.063323556,0.066161535
0.060904619,0.075713759,0.082652985,0.074617705
0.063087336,0.068734055,0.067566591,0.063169171
0.082924288,0.075075766,0.077365804,0.068971388
0.073127696,0.069442851,0.073822792,0.080196053
0.065027395,0.090895459,0.080587933,0.087357873
0.080707488,0.057731723,0.06273421,0.069577227
0.077862844,0.071491297,0.06866938,0.081843263
0.066190702,0.072228399,0.080902728,0.076229197
0.064395958,0.080187203,0.059538601,0.075001042
0.08198719,0.088064774,0.073709836,0.062414776
0.079667916,0.080897881,0.070981309,0.092439612
0.10398713,0.07454949,0.074023876,0.066912348
0.076119553,0.083469857,0.071990099,0.054754682
0.068051459,0.079532235,0.065488811,0.097664067
0.079808699,0.066765673,0.074965123,0.073222839
0.072932639,0.075143227,0.064106706,0.052952358
0.082674248,0.072057974,0.082943435,0.075593032
0.059383511,0.070720456,0.062771211,0.064131519
0.061658063,0.060546146,0.078794915,0.067870881
0.081116804,0.063799906,0.069310407,0.080419985
0.077982311,0.078039601,0.074146644,0.074487468
0.079448738,0.079209387,0.090250723,0.070431745
0.082667804,0.062176612,0.064277524,0.06931869
0.064386398,0.062063065,0.092760553,0.068510737
0.071258747,0.067627989,0.067462819,0.05285232
0.08468105,0.067260652,0.086710437,0.088557423
0.072411606,0.075379245,0.067276417,0.060192563
0.071476291,0.074035355,0.071781073,0.083707479
0.072086047,0.071776032,0.084561927,0.062652624
0.056068725,0.077359529,0.060239029,0.074928889
0.080115566,0.070987046,0.06791546,0.061220305
0.060404987,0.066322522,0.073599883,0.065394283
0.070850505,0.088294003,0.083907749,0.072623946
0.065824173,0.063981794,0.071810279,0.076702885
0.076847774,0.059878985,0.075742235,0.071273522
0.070859929,0.065398596,0.082643407,0.069503315
0.067754628,0.074171312,0.071561934,0.080880854
0.063551675,0.078081342,0.081063497,0.060818265
0.061124065,0.067487837,0.056844991,0.088431574
0.079209655,0.088664905,0.091212241,0.080720895
0.068981938,0.079330479,0.072590036,0.076390701
0.088375881,0.069870723,0.061360179,0.077490773
0.07794772,0.067542947,0.057155547,0.068051749
0.076855419,0.079259766,0.093019914,0.076734925
0.069169171,0.060171786,0.074382434,0.093946044
0.07823199,0.067959571,0.075532619,0.094709441
0.083112043,0.076845911,0.069986109,0.064481778
0.070859942,0.088754542,0.076927883,0.062161474
0.07949833,0.085708633,0.067802475,0.062796387
0.076268424,0.061968022,0.053421713,0.10924874
0.06243592,0.062051395,0.096688635,0.05537201
0.079148024,0.081142536,0.07913181,0.10078189
0.070852411,0.086659923,0.058762532,0.088359637
0.087709207,0.083986642,0.087089594,0.082132474
0.090140146,0.091000266,0.062253562,0.094746325
0.074382137,0.0634628,0.072598638,0.065503145
0.096200975,0.060696165,0.064960959,0.065849982
0.077205308,0.082476171,0.090209122,0.069687062
0.074337075,0.065709011,0.060266509,0.075524795
0.083084408,0.092839109,0.10144307,0.075695226
0.076257203,0.076031147,0.089181309,0.070450463
0.070494355,0.084105992,0.061781635,0.080539549
0.07686022,0.084101503,0.060458752,0.06141263
0.066009763,0.065320567,0.096114453,0.11064325
0.078827063,0.088010111,0.057651392,0.061772347
0.088160773,0.08511631,0.082177943,0.087771797
0.085331476,0.063956451,0.056133157,0.060891389
0.076306176,0.078663183,0.055936827,0.080396781
0.095033459,0.059079662,0.081153709,0.072008483
0.093305868,0.093161835,0.068920594,0.071488952
0.060727016,0.092269992,0.065854213,0.076194129
0.055358858,0.071018149,0.081994677,0.06469405
0.070904393,0.054693494,0.067241223,0.073138112
0.058300163,0.081964383,0.06639073,0.079501726
0.057400493,0.076741686,0.093500776,0.065362185
0.095427512,0.076786037,0.08844239,0.077483591
0.053681889,0.07965692,0.072385614,0.077645659
0.087025158,0.067596319,0.088349369,0.068489593
0.088989581,0.073939357,0.066140005,0.091060451
0.091211111,0.078644839,0.069047969,0.062262475
0.057259736,0.056300704,0.097956504,0.063158955
0.090551329,0.087852888,0.055823474,0.081275148
0.098704256,0.073933884,0.080950381,0.079534661
0.079660795,0.081455643,0.065958591,0.088364099
0.057073443,0.066930174,0.063819463,0.067575448
0.089106138,0.079993168,0.085298106,0.074169781
0.060751846,0.073964353,0.071579372,0.064514333
0.082583913,0.079555222,0.074637096,0.0640291
0.065282469,0.082768662,0.080477081,0.062928523
0.10669244,0.072061701,0.070022791,0.096651124
0.082366175,0.066589902,0.073692475,0.088238493
0.082339526,0.065615168,0.072979958,0.064898415
0.056294979,0.061356262,0.076254794,0.095570738
0.062488585,0.06595715,0.063983055,0.090468504
0.072104443,0.070491293,0.080122377,0.085999195
0.064582395,0.058565157,0.068469749,0.079378322
0.068539481,0.073623175,0.086252676,0.075997214
0.089677313,0.082016104,0.048790325,0.071013622
0.07600947,0.071931302,0.049499947,0.057574953
0.075127771,0.071458419,0.093630424,0.084328715
