"variable","mean","median","sd","mad","q5","q95","rhat","ess_bulk","ess_tail"
"lp__",-25397.85315,-25397.6,9.24527673843497,9.19212000000108,-25413.4,-25383.2,1.00022031543026,5909.74902533756,7268.10364603606
"y0[1]",-19.3075648625,-19.30785,0.0538052605454512,0.0507790499999949,-19.395905,-19.219695,1.00007063756919,6777.41518310788,6891.82564230137
"y0[2]",6.78100849375,6.78018,0.383174067226069,0.361784052000001,6.1446515,7.4081725,0.999966504167662,7103.97751594342,6662.06004001374
"sigma[1]",0.08931182785,0.08651505,0.0184456514397985,0.01649118219,0.065055765,0.1237607,0.999902382122225,6169.07410736755,6665.24433054588
"sigma[2]",0.655361048375,0.637416,0.149730189304306,0.1400849436,0.44501145,0.9273168,1.00015764692018,5030.95824204355,6603.31834914134
"beta[1,1]",0.95739156458654,0.952103,1.19177223131327,1.1702354538,-1.0050585,2.9147375,1.0002773952413,5508.25608845208,6787.65775842712
"beta[2,1]",-0.374988325549875,-0.3814135,1.24115020536352,1.2590772936,-2.4148785,1.6787255,1.00029374731215,5351.15056657659,6565.25872130251
"beta[3,1]",-0.503627480698125,-0.512837,1.21186605705945,1.1876085606,-2.5248495,1.5018665,1.00043471299957,5579.78901397645,6696.21521669107
"beta[1,2]",-0.1144472755722,-0.1156315,0.644667985242604,0.6395721423,-1.1847915,0.94950905,1.00046610080168,6586.56308014447,6705.42800192933
"beta[2,2]",1.11741199842011,1.124395,0.827463321042568,0.811182351,-0.2699447,2.460875,1.00025626642306,6825.51025026364,6936.92238922853
"beta[3,2]",-1.01776529860137,-1.01844,0.696547419656099,0.7088888814,-2.171075,0.135610599999999,1.00006561250437,6325.9345012004,6906.65204200853
"beta[1,3]",0.3239343456245,0.3270925,0.383360148970095,0.3788991864,-0.31526965,0.94451685,1.00018879011313,6836.37562909496,7033.25253093104
"beta[2,3]",0.127184026992337,0.120221,0.497219933145939,0.5038430775,-0.6783333,0.96690845,1.00027321892791,6753.96778433639,7181.87795197124
"beta[3,3]",-0.447949898105042,-0.4482005,0.395485481791754,0.3904567947,-1.100763,0.20566065,1.00013742852074,7184.50109217323,6772.51708000075
"beta[1,4]",0.071253419032175,0.0745147,0.226577196751092,0.22548433446,-0.307942,0.4391624,1.00039173359669,7258.22392954603,7204.69289493256
"beta[2,4]",-0.0224366184588988,-0.02408475,0.252524938642451,0.25372215645,-0.4321694,0.39599885,0.999970657460343,6798.76300936543,7146.97928370534
"beta[3,4]",-0.0474980557958875,-0.0496754,0.222848447066543,0.220336599,-0.4162177,0.31764685,0.999830109027364,7383.28029874211,7233.5685315749
"lambda[1]",0.026996075475,0.02698995,0.00100864770009349,0.00100586997,0.025332065,0.02865943,0.999801357706728,7038.50342959316,6553.78997454057
"lambda[2]",0.0269961725625,0.0269838,0.000990802408102858,0.0009926007,0.025383665,0.02864595,1.0002714780664,7340.33742543441,7034.31905609241
"lambda[3]",0.0268206468375,0.0267997,0.000986846981525311,0.0009874116,0.025218465,0.02847597,0.999853828032419,7462.98401988469,7120.00167004525
"lambda[4]",0.0190090999625,0.0189887,0.00100214468698036,0.00100105152,0.017382275,0.020696145,1.00095391068254,7161.59773933464,6580.05559487095
"lambda[5]",0.0189886967625,0.0189723,0.00100086015273935,0.00100920582,0.01738378,0.020661325,1.0000114297813,7135.1311270006,6684.47839266257
"lambda[6]",0.0190090963,0.01898845,0.00100964518096718,0.00103730109,0.017381675,0.020703505,1.00050998662473,7448.39114270259,7145.80102107356
"lambda[7]",0.01098929023625,0.01096025,0.00100756709016693,0.00101943576,0.009394197,0.01266401,1.00015468105321,7051.73150744663,6596.048386699
"lambda[8]",0.0110081602725,0.010975,0.000985568504067704,0.00097762644,0.0094590145,0.01266644,1.000868794588,6924.59590740244,6751.54561776485
"lambda[9]",0.0108332561125,0.01079645,0.000968670992842866,0.00096554325,0.0093220365,0.012489645,1.00015533507905,7310.52545566669,6608.72043893451
"lambda[10]",0.0039799480575,0.00390553,0.0009902250873379,0.0009659139,0.0024903395,0.0056920185,1.00045246137921,7127.08184239326,6271.15056402137
"lambda[11]",0.00400792662875,0.003937715,0.000977270647341637,0.000975343236,0.002539356,0.005735255,0.999995212097351,7249.66168335443,6548.87181275393
"lambda[12]",0.00374549289375,0.003662255,0.000924079580041078,0.000895438509,0.00237571,0.0053871195,1.00049306017853,6970.52780860036,6959.34263931698
"lambda[13]",0.0089819174775,0.008945425,0.000990952024089924,0.000987656229,0.007408644,0.01068891,1.00064297023603,7276.15544815351,6595.18614504915
"lambda[14]",0.00898028477625,0.008955245,0.000988378766223159,0.00100705605,0.0074031775,0.01062131,1.00023734513185,7133.01340660995,7180.55123167395
"lambda[15]",0.0088719625,0.008826645,0.000974502671186305,0.000959123592000001,0.0073394915,0.010565005,0.999849320652768,6976.94649919483,7320.64272690624
"lambda[16]",0.0140089353375,0.01398615,0.00098602053830169,0.000985929,0.012424595,0.01562806,1.00052109390669,7595.10853578575,7147.37648487843
"lambda[17]",0.0139981192625,0.013992,0.000995885828524353,0.000981629459999999,0.012417895,0.015677075,1.00029219581416,7081.44211257756,6691.54419113862
"lambda[18]",0.0143146087375,0.01428975,0.000990451778238362,0.00099882762,0.0127065,0.015950955,1.00007499611387,7564.12880338946,7203.09973307496
"lambda[19]",0.0139865769375,0.01398125,0.000995167968814883,0.00100735257,0.01240938,0.01564145,1.00035795208744,7456.71794556271,6949.23178576118
"lambda[20]",0.013996875625,0.0139601,0.00100235196194765,0.00100283064,0.012405785,0.015657025,1.00008502524202,7707.68359590644,7179.28388714264
"lambda[21]",0.0139942447,0.01395865,0.000979511429047341,0.00096969453,0.012395285,0.015659715,1.00012098298242,7283.20910727354,7023.24835801635
"s1[1,1]",-15.1643048875,-15.16465,0.389457775345684,0.38643969,-15.80743,-14.52396,1.00034572813946,7542.49613128715,7168.16736710886
"s1[2,1]",-15.162159925,-15.15595,0.390598447702257,0.39207357,-15.81661,-14.533885,0.999916535935124,7211.08780770724,6553.720992178
"s1[3,1]",-15.1669852,-15.1664,0.38356397483511,0.3847347,-15.799545,-14.54769,1.00026263404387,7489.0054035984,7148.27044506934
"s1[4,1]",-17.237852775,-17.24055,0.836736750019624,0.851827830000001,-18.594205,-15.84349,1.00000425215521,7517.51089624546,7320.82523744658
"s1[5,1]",-17.2029018,-17.2059,0.871475529948588,0.875845950000002,-18.655925,-15.77727,1.00000959511897,6971.53080315762,6871.49328277004
"s1[6,1]",-17.0546266125,-17.0519,0.802719256789805,0.808610040000001,-18.385285,-15.74008,1.00019657929641,7420.26061560624,7219.31117563266
"s1[7,1]",-14.8431674125,-14.84875,0.720368479968878,0.713575380000001,-16.02642,-13.650295,1.00021767849074,7467.23890281939,6694.25831250097
"s1[8,1]",-15.04406175,-15.04305,0.858835854983456,0.86391102,-16.46716,-13.622295,1.00028436855652,7435.46354335149,6991.56757051965
"s1[9,1]",-15.686322725,-15.6819,0.793262684657127,0.797194020000001,-16.99424,-14.373685,1.00062543632163,7286.98054286712,7132.51161158263
"s1[10,1]",-17.428970425,-17.43085,0.490182534804636,0.481177830000003,-18.227435,-16.61704,1.00019354683477,7144.30857288141,6781.43708706619
"s1[11,1]",-17.1763759875,-17.1706,0.506839339262579,0.505640730000001,-18.00706,-16.3503,1.00025526139997,7518.51756933949,7106.00758985895
"s1[12,1]",-17.128247225,-17.1225,0.492403735518064,0.492371460000001,-17.946205,-16.325395,1.00034951520596,7047.65229621329,6650.00654689163
"s1[13,1]",-19.41654885,-19.42265,0.411253385024992,0.40348959,-20.094735,-18.74234,1.00047708953464,7172.44468297634,6984.37089276673
"s1[14,1]",-19.4435938,-19.44505,0.422107763917705,0.418686239999999,-20.127235,-18.745245,1.00062245359437,7460.78945933778,7017.14299628872
"s1[15,1]",-19.4032118,-19.41155,0.40658183907086,0.412829970000002,-20.054945,-18.7158,1.00003408033539,7215.03975546246,7039.30828677006
"s1[16,1]",-20.0994516625,-20.0997,0.0702719949118759,0.0693115499999991,-20.216105,-19.982995,1.00005562243812,7604.82645848465,6970.14727178535
"s1[17,1]",-20.0992502125,-20.0994,0.0695711271302335,0.0692374200000019,-20.21071,-19.9851,1.00049031637173,7214.13383517362,6537.24961212716
"s1[18,1]",-20.094338,-20.0938,0.0703353323257356,0.0708682799999981,-20.209305,-19.979995,1.00012599167087,7244.88121203151,6705.77801904371
"s1[19,1]",-16.5901690125,-16.5895,0.126007961660464,0.12439014,-16.7978,-16.38579,0.999875147476983,7369.0748198121,7044.08027075178
"s1[20,1]",-16.607912875,-16.60715,0.129117952091986,0.128912070000002,-16.824205,-16.3982,0.999985549217178,7225.27729643135,6425.19736976729
"s1[21,1]",-16.6104737,-16.6103,0.130590417548358,0.129727500000001,-16.82531,-16.3948,1.00010327949138,7360.47378954825,6305.00768796118
"s1[1,2]",-21.511261075,-21.5102,0.160789797716539,0.160936229999999,-21.780705,-21.247795,1.00039899655384,6909.79195329853,6688.55289178192
"s1[2,2]",-21.5111674375,-21.5122,0.160959271919438,0.16041732,-21.777405,-21.247095,0.999796105732193,7300.98919663691,7181.11014715542
"s1[3,2]",-21.509336825,-21.50905,0.159557718528789,0.16138101,-21.769705,-21.2472,1.00029928253914,7572.16277724797,7491.40618552135
"s1[4,2]",-20.0684827375,-20.0696,0.161439409070729,0.16041732,-20.33621,-19.804795,1.00054268682587,7340.10937635959,7169.17884801836
"s1[5,2]",-20.07069095,-20.0708,0.161319559479411,0.162048180000002,-20.33731,-19.80617,1.00053465931059,7056.95267386015,6348.70987604212
"s1[6,2]",-20.071855925,-20.07135,0.160977929214244,0.160713839999999,-20.33662,-19.81059,0.999888342194577,7162.51792762722,6463.93936470686
"s1[7,2]",-22.2348589125,-22.2332,0.652895909455819,0.648934019999999,-23.326505,-21.16172,0.999973009791895,7433.6189567446,7452.29870332601
"s1[8,2]",-22.2591994375,-22.2482,0.656116866210738,0.663685890000002,-23.34066,-21.195315,1.00026784706124,6959.76013909954,6750.44198856359
"s1[9,2]",-22.329039225,-22.32575,0.64871367150874,0.655160939999998,-23.388545,-21.275705,1.00028430225744,7129.8520798173,6494.01184247245
"s1[10,2]",-20.2213279375,-20.2313,0.89648356440506,0.897640170000002,-21.680205,-18.721695,0.999966247702683,6792.16349965524,6885.65035786063
"s1[11,2]",-20.007124275,-20.01095,0.903655835156159,0.912762690000003,-21.480745,-18.534795,0.999788300870689,7552.55854516386,6936.48328496461
"s1[12,2]",-19.9626209125,-19.97015,0.895032482266402,0.906387509999997,-21.409185,-18.47807,1.00037523934881,7442.41172793533,7271.80056577365
"s1[13,2]",-20.851172275,-20.8519,0.890266970191302,0.886817190000001,-22.308115,-19.377845,1.00019395080249,7405.33032317824,7052.79218941472
"s1[14,2]",-20.905719725,-20.9055,0.946552635592664,0.924030450000001,-22.472195,-19.362895,1.0000358296975,7116.94499117707,6875.51669370343
"s1[15,2]",-20.7378831,-20.7355,0.871707256907162,0.860649299999998,-22.18093,-19.295795,1.00075737871072,7211.59469868019,7196.42417010735
"s1[16,2]",-21.5650041375,-21.5431,0.853775822602771,0.848936759999999,-22.986075,-20.178565,1.00007953832656,7011.56841136705,7208.636528669
"s1[17,2]",-21.8241877625,-21.83715,0.993109911369835,0.996381330000003,-23.463045,-20.18077,1.00014857096814,6943.9666877935,5886.26507063615
"s1[18,2]",-20.8087722375,-20.73005,1.03312080134259,1.06065204,-22.62416,-19.244665,0.999902837099509,6186.80029708917,7154.72025887664
"s1[19,2]",-17.9923586125,-17.9869,0.368621604581508,0.36820371,-18.61312,-17.393195,1.00007387625146,6979.3889968359,6626.06293932794
"s1[20,2]",-18.1906713375,-18.18895,0.355935300731747,0.356491170000001,-18.778405,-17.615375,1.00008600360326,7268.53955148463,7086.47856670454
"s1[21,2]",-18.1939821,-18.1897,0.355638817760628,0.36271809,-18.776735,-17.61138,1.00031059473685,7583.83808031995,6763.54274788563
"s1[1,3]",-28.9504334,-28.94695,0.37834137490689,0.372503250000001,-29.577305,-28.329275,1.00023219741911,7720.91403031658,7047.68616451498
"s1[2,3]",-28.9454241125,-28.9423,0.378380421669482,0.381324720000001,-29.568525,-28.324985,1.00076192780284,6772.79895995954,6606.2577143405
"s1[3,3]",-28.943364575,-28.9419,0.377277399113775,0.37272564,-29.564605,-28.3217,1.00095650661903,7214.96915521796,6394.46830159304
"s1[4,3]",-26.570366875,-26.5702,0.0802232709653809,0.0796897499999986,-26.701405,-26.4372,0.999912698222556,7235.35085917068,7111.64209576861
"s1[5,3]",-26.5696138625,-26.57015,0.0796483827029117,0.0792449700000023,-26.699405,-26.438495,1.0003681288285,7077.04160087819,6584.07661258949
"s1[6,3]",-26.5685249875,-26.5684,0.0804326296217109,0.0790225800000002,-26.7022,-26.436995,1.00076661575863,7534.38545782773,7072.41573753055
"s1[7,3]",-30.16976755,-30.1698,0.0301394623441809,0.0299485200000039,-30.2187,-30.1197,1.00018896334386,7190.25159296588,6830.55466934939
"s1[8,3]",-30.1706215625,-30.1707,0.0296085593985472,0.0293554800000001,-30.2205,-30.122795,1.00024547278041,7607.11837538943,6285.28133657224
"s1[9,3]",-30.1703673,-30.1704,0.0303702942454723,0.030245039999998,-30.220705,-30.1208,1.00020319358458,7374.93289561865,7099.12215295029
"s1[10,3]",-28.1019373625,-28.1018,0.0802351707209574,0.080505180000002,-28.234005,-27.9677,0.999996859416427,7098.38869095919,6689.17320878634
"s1[11,3]",-28.098961275,-28.09905,0.0805748610386844,0.0808758299999985,-28.2319,-27.9658,0.999997344472528,6889.23912427117,6671.91993198902
"s1[12,3]",-28.0977771125,-28.098,0.0798908579629772,0.0794673599999991,-28.2296,-27.9662,0.999808231287724,7270.49436037554,6846.51219033625
"s1[13,3]",-28.0198941875,-28.0194,0.0649145592487937,0.0641965800000031,-28.12751,-27.91498,0.999847365704301,7270.61483702307,6984.01383330358
"s1[14,3]",-28.02066305,-28.02115,0.0653059640524133,0.0654567899999976,-28.1272,-27.911895,0.999958267181992,6421.716859406,6905.53791958237
"s1[15,3]",-28.01955135,-28.01895,0.0649521040664221,0.0635294099999968,-28.126605,-27.91299,0.999990182895543,6987.0583182947,6446.37248959414
"s1[16,3]",-27.9405323875,-27.9409,0.0494297908181633,0.0492223200000012,-28.021505,-27.8588,1.00076517987186,7031.75008328048,6625.32197353234
"s1[17,3]",-27.93899725,-27.9381,0.0501426127673797,0.0508531799999974,-28.0207,-27.857295,1.00172151460662,7473.32597634993,6891.66994372693
"s1[18,3]",-27.941019025,-27.9412,0.0505576402477687,0.0499636200000047,-28.0245,-27.857195,1.00008339501055,7196.45119818626,7095.01412987666
"s1[19,3]",-29.5987310125,-29.59615,0.222785678095048,0.220091969999995,-29.97331,-29.230895,1.00093715238698,7444.13112604385,6784.50798864699
"s1[20,3]",-29.597172825,-29.5958,0.22169311630325,0.219943710000001,-29.9659,-29.233175,1.00066762534903,7386.0928516797,6643.22816357441
"s1[21,3]",-29.6023356375,-29.60265,0.21709034762881,0.217349159999996,-29.959405,-29.2467,0.999996875153899,7298.67200687672,7097.29429074612
"s2[1,1]",8.3388295975,8.33808,0.60656977358713,0.609215165999999,7.3520515,9.3386665,1.00037641303602,7075.03425568007,7313.08945645614
"s2[2,1]",8.34508582875,8.346265,0.606310609348492,0.594811706999999,7.3364655,9.3385105,1.0001700294715,7375.26040748202,6465.88002930859
"s2[3,1]",8.079663585,8.081145,0.610334448663416,0.593158608000001,7.074781,9.088601,1.00011423087467,6599.77516948954,6683.31343719629
"s2[4,1]",12.5856924625,12.58555,0.374879730751747,0.381250589999999,11.97359,13.205845,1.00092348109232,6888.79571306139,6870.99060381646
"s2[5,1]",12.749202025,12.75455,0.384367066589522,0.39422334,12.118095,13.38641,1.00045134532517,7261.52542753317,6861.35160436562
"s2[6,1]",12.8560731375,12.85995,0.377519596094475,0.378804299999999,12.234765,13.477245,1.00002402984286,7520.18713314736,7355.27059584888
"s2[7,1]",9.75715129375,9.756675,0.0781407129623636,0.0777327180000003,9.6297845,9.8854625,1.00038917739735,7330.83241466562,6976.93814298492
"s2[8,1]",9.75017146625,9.75085,0.0801131203043123,0.0794747730000002,9.6186195,9.881232,1.00059198288794,7103.30636906128,7016.15789195285
"s2[9,1]",9.7595236975,9.75947,0.0791572841670815,0.0795044250000004,9.6288275,9.88885,1.00014644699398,7277.34561152774,6858.41497091531
"s2[10,1]",10.80449669875,10.80475,0.344692610730236,0.337588020000001,10.233295,11.3638,1.0004851558081,7049.15084190213,7176.29670499795
"s2[11,1]",10.61701447625,10.6126,0.338570460791717,0.344111459999999,10.057875,11.17402,1.00082065470467,7822.86874572917,7321.2886863118
"s2[12,1]",10.63387489875,10.6305,0.335785328081848,0.3365502,10.086885,11.187355,1.00105990610473,7185.51685764029,6761.22860836739
"s2[13,1]",11.4699877875,11.4701,0.0201056187194738,0.0200150999999981,11.4372,11.5034,0.999970327431144,7178.1539348477,6446.59110063504
"s2[14,1]",11.470094975,11.4703,0.020193334632864,0.0203116200000001,11.4365,11.5035,1.00036009371829,7440.45900063293,6465.1863477447
"s2[15,1]",11.4700576625,11.4699,0.0197199640189506,0.0195703200000005,11.4382,11.5029,1.00013255296329,7177.66362565366,7209.89625023157
"s2[16,1]",11.583106975,11.5826,0.109458008995761,0.109860659999999,11.402995,11.76151,0.999929790179499,7573.63570205938,7154.26443514532
"s2[17,1]",11.5911911625,11.5901,0.109116174410984,0.10837806,11.4071,11.770705,1.00061770630293,6848.20298719806,7011.92865163686
"s2[18,1]",11.5825658625,11.5826,0.109825928348903,0.108822840000002,11.4007,11.762215,1.00071193302925,7364.47780778582,7076.23211866664
"s2[19,1]",9.35986280875,9.35925,0.12007424021962,0.119705124000001,9.159255,9.558328,1.00004620352461,7430.16852666156,6589.85344812007
"s2[20,1]",9.3705520125,9.3703,0.11962964832231,0.11734779,9.1747865,9.5698345,1.0016792874617,6705.39881710378,6823.20520578063
"s2[21,1]",9.37076483,9.371035,0.119743073265828,0.121017225,9.1739645,9.5645145,1.0002478375423,7240.61331839025,7210.52656337754
"s2[1,2]",7.6613966525,7.662465,0.0905787433156192,0.0902606880000001,7.509943,7.8090905,1.00014006477892,7262.22041394524,6599.17781838585
"s2[2,2]",7.66050356625,7.660665,0.0897825015480043,0.0894156059999998,7.5116895,7.809651,1.00051714277628,6720.51561414213,6723.33886257481
"s2[3,2]",7.65996824,7.659465,0.0900282645588586,0.0902903400000003,7.512869,7.807041,0.999832258188982,7161.29236409673,6960.42530019496
"s2[4,2]",6.5495808875,6.54812,0.228895109306797,0.229439763,6.1669735,6.928425,1.00017729274334,7201.24759117771,6786.12746478067
"s2[5,2]",6.55317506625,6.552705,0.227897310926899,0.227126907000001,6.170229,6.933562,1.00028981851639,7292.14995344683,6516.58929017231
"s2[6,2]",6.55870941625,6.55726,0.228752015482312,0.226140978000001,6.186294,6.934574,1.00041587049385,7074.73569094192,7087.99300210017
"s2[7,2]",8.2313727725,8.238495,0.419762674019976,0.417173988000001,7.5464085,8.9175415,1.00013673551361,7188.83869679599,6449.49035492062
"s2[8,2]",8.200773285,8.201795,0.418908936080982,0.41942754,7.512637,8.8807915,0.999936505587755,7215.56046000201,6847.76821703122
"s2[9,2]",8.25609537,8.25648,0.423254718819872,0.420976857,7.5541755,8.956341,1.00095066467614,7678.73018873532,6938.08821396429
"s2[10,2]",6.45105985875,6.45091,0.0500877856907447,0.050052576,6.368989,6.5329235,1.0002894130037,6857.51576163048,6537.2639731892
"s2[11,2]",6.44987292125,6.45043,0.0499704116623929,0.0498820769999999,6.3669695,6.53184,1.00041947667769,7350.70230491603,7371.73852720035
"s2[12,2]",6.44913498125,6.44933,0.0493951252642873,0.0496300350000002,6.3671395,6.5295705,1.00102094526261,7329.2676893221,6880.57729817011
"s2[13,2]",5.88150986375,5.881955,0.211113364469072,0.211463238000001,5.532896,6.2271945,1.00084698443735,7127.29765888646,6999.8087455776
"s2[14,2]",5.87690998125,5.88114,0.208282623255292,0.209039187,5.5333985,6.2157095,0.999868817265372,7585.09348167905,7240.83005031467
"s2[15,2]",5.87144141125,5.87193,0.210140012297377,0.21015855,5.5251225,6.21789,0.999810989619136,7351.94948457078,6756.938320811
"s2[16,2]",5.27488421125,5.27666,0.379722564249121,0.383815488,4.640122,5.890837,0.999992581614235,7516.45950978303,7246.21672100813
"s2[17,2]",5.30780253875,5.31121,0.376668703862626,0.380576007,4.68765,5.917831,1.00010250613229,6821.04577438057,6519.35973377017
"s2[18,2]",5.2794159125,5.28407,0.376955036660309,0.377751654,4.6521895,5.8935865,0.999861404107387,6950.03188732085,7361.12132588622
"s2[19,2]",10.2678340475,10.2733,0.505529509619943,0.509287926,9.423874,11.09001,0.99995598745017,6971.20602011983,6949.73236104652
"s2[20,2]",10.34063744375,10.34705,0.519618188739373,0.521771417999999,9.504454,11.19789,1.00015484733064,7509.77734546036,7131.96884437437
"s2[21,2]",10.35617575625,10.3504,0.521598807896934,0.513572640000001,9.5042405,11.222905,1.00029783922188,7108.06055895413,5677.44307984401
"s2[1,3]",9.47093447125,9.47052,0.208586598751257,0.206140703999999,9.1256605,9.8182165,1.0000514206862,7241.57682390734,6989.74959204082
"s2[2,3]",9.469876105,9.46874,0.21052672804072,0.207816042000001,9.1260075,9.817177,0.999696010448094,7062.96061948751,6668.22406230341
"s2[3,3]",9.4600580825,9.459795,0.210459248909687,0.20852769,9.1086095,9.8043825,0.999914438304377,7571.61986828587,6674.86107134377
"s2[4,3]",8.62477793375,8.62456,0.128112192444746,0.127340513999999,8.4145865,8.8367235,1.0001116647648,7388.7509546126,7014.90896723499
"s2[5,3]",8.6304193,8.6289,0.130501241116997,0.130483626000001,8.41606,8.8453805,1.00079039962558,7521.64304623658,7215.76930694249
"s2[6,3]",8.63363219375,8.63263,0.130179285850065,0.129749738999998,8.4177865,8.8492325,1.00022228896615,7457.9979764086,6845.38486375446
"s2[7,3]",10.42041571375,10.41855,0.269227685867873,0.27331731,9.9806845,10.8613,0.999756866374197,6926.5525256582,6858.93276807506
"s2[8,3]",10.3986547275,10.3994,0.272455844605522,0.266200830000001,9.9537075,10.850935,1.00079270255703,7517.98897746849,7214.09991182285
"s2[9,3]",10.4322110125,10.4329,0.274709461089623,0.272946660000001,9.98345,10.884605,1.00057060556035,7260.97343476675,6784.84464977089
"s2[10,3]",6.13023708625,6.135055,0.513439647576578,0.504884603999999,5.2879555,6.96725,1.00024033136685,6752.70994725856,7085.71889008966
"s2[11,3]",6.015716755,6.01628,0.517900698187686,0.513357663,5.1570485,6.854162,1.00000519832082,7400.21835109944,6858.16682655754
"s2[12,3]",6.0285165675,6.031615,0.510443999140332,0.504966147000001,5.170965,6.8645985,1.00020738838943,7228.27425054458,7286.10740758937
"s2[13,3]",7.3608102175,7.35611,0.386504900189715,0.382903689,6.7258705,8.0077965,0.99999360421204,7409.51708904398,7084.45081580824
"s2[14,3]",7.3605702225,7.365575,0.388079762611913,0.390613209,6.72334,7.9909615,1.000192054636,7289.84478940416,6876.45622324819
"s2[15,3]",7.35248889375,7.35225,0.391014027609256,0.392711088,6.707333,7.987236,0.999885715309081,7673.88334017012,7116.57347964763
"s2[16,3]",8.704531495,8.7025,0.26739387237227,0.262405374,8.2655785,9.153932,1.00019190308208,7463.91906789647,7339.71771170127
"s2[17,3]",8.70756548875,8.7048,0.26588764605304,0.267275715,8.2759765,9.1472135,1.00017066152838,6743.85072049753,6889.22820656449
"s2[18,3]",8.710505595,8.71406,0.271470656178097,0.27309492,8.264797,9.153587,1.00024783691863,7368.52749124048,7204.89086778063
"s2[19,3]",11.3413006625,11.3389,0.322275996516266,0.32424462,10.8193,11.873925,1.0000532760333,6990.79764821783,6208.46433099027
"s2[20,3]",11.3473676375,11.3491,0.319917014772521,0.32305854,10.81678,11.8636,0.999831746324864,7589.93121134132,6978.24743453659
"s2[21,3]",11.344074925,11.3436,0.316464705464875,0.313866420000001,10.82406,11.862305,0.999809317576158,7137.01155874146,7077.8981067403
"y_fit[1,1]",-19.3072099625,-19.3075,0.0537799712036128,0.0507049200000003,-19.395605,-19.219295,1.00007457564755,6774.50300576152,6829.85508704605
"y_fit[2,1]",-19.3072049,-19.3075,0.0537796229483859,0.0507049200000003,-19.395605,-19.21929,1.00007503835665,6774.3464577833,6829.85508704605
"y_fit[3,1]",-19.307187075,-19.3075,0.0537787564450404,0.0507049200000003,-19.395605,-19.21929,1.00007263244787,6774.3335003724,6829.85508704605
"y_fit[4,1]",-19.1137325375,-19.12125,0.314356342510089,0.318388350000003,-19.61141,-18.58459,1.00029219109406,7416.96112681185,7072.05969662944
"y_fit[5,1]",-19.113733425,-19.12125,0.314356206465432,0.318388350000003,-19.61141,-18.58459,1.00029221188731,7416.97995158722,7072.05969662944
"y_fit[6,1]",-19.1138086625,-19.1214,0.314331933617589,0.31846248,-19.61151,-18.58479,1.00029345632617,7416.97473516333,7072.05969662944
"y_fit[7,1]",-19.1953444375,-19.2018,0.255892168890181,0.25070766,-19.60642,-18.76249,1.00014714830182,7019.17011273116,6681.13552356349
"y_fit[8,1]",-19.195336525,-19.2018,0.255893042484694,0.25070766,-19.60642,-18.762395,1.00014804321781,7019.00349906431,6681.13552356349
"y_fit[9,1]",-19.1953321,-19.20175,0.255893600181632,0.25078179,-19.60642,-18.762395,1.00014536051524,7019.13790585645,6681.13552356349
"y_fit[10,1]",-19.2426905625,-19.24955,0.227941089137519,0.225725850000003,-19.604335,-18.8579,1.00057514724326,7427.43511954269,6916.30840963904
"y_fit[11,1]",-19.2426915875,-19.24955,0.227940494469735,0.225725850000003,-19.604335,-18.8579,1.00057519665126,7427.4194406832,6916.30840963904
"y_fit[12,1]",-19.24270255,-19.24955,0.227935051219518,0.225725849999998,-19.604335,-18.8579,1.00057500303178,7427.27292582738,6916.30840963904
"y_fit[13,1]",-19.4070701625,-19.41275,0.200826084792328,0.199632090000006,-19.725,-19.0651,1.00065833103672,7424.57035805426,7106.72048460436
"y_fit[14,1]",-19.40715505,-19.4129,0.200815728969677,0.199632090000001,-19.725005,-19.065195,1.00065812272329,7424.58811003792,7149.18852968547
"y_fit[15,1]",-19.407155425,-19.4129,0.200815660206674,0.199632090000001,-19.725005,-19.065195,1.00065814024561,7424.6012943749,7149.18852968547
"y_fit[16,1]",-19.9810204,-19.98075,0.143784562154215,0.14032809,-20.215705,-19.74509,1.00025038516232,7138.99309896718,7167.10763387191
"y_fit[17,1]",-19.981121425,-19.9809,0.143779484962238,0.140402219999999,-20.215805,-19.74519,1.00025022266353,7138.67512071873,7167.10763387191
"y_fit[18,1]",-19.981179125,-19.9809,0.143776433924699,0.140402219999999,-20.215805,-19.74519,1.00025015161471,7138.67650106998,7167.10763387191
"y_fit[19,1]",-19.402178325,-19.36675,0.217316720444648,0.226318890000007,-19.79901,-19.0992,0.999831881384393,5473.27834018715,6956.59354368157
"y_fit[20,1]",-19.4019530125,-19.3665,0.217335305847487,0.226318889999999,-19.798815,-19.098995,0.999832305907886,5473.37302004184,6878.40950997355
"y_fit[21,1]",-19.4017495875,-19.36625,0.217352503099585,0.226318890000002,-19.79871,-19.098795,0.999833597919592,5473.44634846493,6878.40950997355
"y_fit[1,2]",6.7816747475,6.78082,0.38301975742471,0.361665444,6.145541,7.408605,0.999966597018753,7103.85748953147,6662.06004001374
"y_fit[2,2]",6.78168454625,6.78083,0.383017518960129,0.361665444,6.145551,7.408615,0.999966689466912,7103.84016575529,6662.06004001374
"y_fit[3,2]",6.78171666875,6.78087,0.383010059035276,0.361658031,6.145591,7.4086345,0.999966543045701,7103.81286723104,6662.06004001374
"y_fit[4,2]",9.61031996875,9.667895,0.237652343956587,0.189120455999999,9.1305545,9.8953905,0.999769491370617,6726.6308715352,7098.21704992029
"y_fit[5,2]",9.61032410625,9.6679,0.237652545448594,0.189127868999998,9.1305645,9.8954,0.999769488114692,6726.61340775529,7098.21704992029
"y_fit[6,2]",9.61070459625,9.66826,0.237671743811213,0.189157521,9.130895,9.895807,0.999769157400904,6726.67591611924,7098.21704992029
"y_fit[7,2]",10.12181930375,10.1691,0.205450809219211,0.18517674,9.726857,10.3689,0.999959616296252,6528.11711239758,6897.13353400249
"y_fit[8,2]",10.12179333375,10.1691,0.205446417704513,0.18517674,9.7268375,10.3689,0.999960004035819,6528.68329888195,6897.13353400249
"y_fit[9,2]",10.12177904875,10.169,0.205443925541497,0.185325,9.726828,10.3689,0.999960005597716,6528.13956741045,6897.13353400249
"y_fit[10,2]",9.75514947125,9.7789,0.175298092225073,0.172937877,9.430288,9.9923075,0.999976668749186,6541.66797895205,7307.1984147725
"y_fit[11,2]",9.755145275,9.7789,0.175298144691597,0.172952703,9.4302875,9.992307,0.999976665532552,6541.78361597167,7307.1984147725
"y_fit[12,2]",9.75510277875,9.778855,0.175299324677094,0.172960116000001,9.4302445,9.9922955,0.999976719909411,6541.48366099566,7307.1984147725
"y_fit[13,2]",9.665305215,9.680895,0.187088195185723,0.184264941000001,9.3297755,9.9401915,1.00013690869451,6932.63337497816,6960.08215390456
"y_fit[14,2]",9.665290445,9.680865,0.187093437779989,0.184227875999999,9.3297235,9.9401815,1.00013318691105,6932.93615337649,6958.4725940139
"y_fit[15,2]",9.66529036375,9.680865,0.18709344716024,0.184227875999999,9.3297235,9.940182,1.00013316376232,6932.94306888459,6958.4725940139
"y_fit[16,2]",9.4747690575,9.46038,0.313449858481878,0.300137544,8.987102,10.008025,1.00008656670864,7007.65711693435,6746.64713728705
"y_fit[17,2]",9.474717185,9.46027,0.313497309381356,0.300248739,8.9870105,10.008025,1.00008610744589,7006.9337216813,6746.64713728705
"y_fit[18,2]",9.47468760125,9.46022,0.313524154041247,0.300285804,8.9869595,10.008025,1.00008885149495,7006.7658653513,6746.64713728705
"y_fit[19,2]",9.4340889525,9.438115,0.34317576648671,0.349574841,8.858394,9.99063,1.00010395013828,5743.21213915862,6682.77155705531
"y_fit[20,2]",9.43413255,9.438155,0.343112438703403,0.349530363,8.8585635,9.99057,1.00010276956582,5743.31037006458,6682.77155705531
"y_fit[21,2]",9.434171745,9.43819,0.343055139112634,0.349471059000002,8.858704,9.9905105,1.00010146613468,5743.29598831371,6682.77155705531
"f_fit[1,1]",1.56117722129587,1.46576,0.716209083667386,0.71550276,0.56067275,2.887324,1.00043939278223,6628.73322102778,6929.59583425636
"f_fit[2,1]",1.56117624599313,1.465755,0.71620742693378,0.715495347,0.5606757,2.887314,1.00044018615728,6628.72737244945,6929.59583425636
"f_fit[3,1]",1.56117279857237,1.465755,0.716202046407436,0.7154968296,0.5606845,2.8873035,1.00043942840954,6628.74469968259,6929.59583425636
"f_fit[4,1]",1.279728784625,1.20608,0.39070593859973,0.3694216659,0.78175645,2.0312775,1.00028964013773,6409.65246823284,7094.07224130993
"f_fit[5,1]",1.27972830425,1.20608,0.390705591832744,0.3694216659,0.7817555,2.0312775,1.00028964368778,6409.64613109096,7094.07224130993
"f_fit[6,1]",1.279683992125,1.20601,0.390669675546393,0.369345312,0.7817322,2.031207,1.00028977184006,6409.60321038553,7094.07224130993
"f_fit[7,1]",1.0532387895,1.01395,0.244372690141501,0.2225123145,0.72543725,1.515486,1.00011776778222,6595.4546424607,7015.93219452277
"f_fit[8,1]",1.05322478475,1.013935,0.244365311514234,0.2225100906,0.72543515,1.5154555,1.00011778610209,6595.37914130597,7015.93219452277
"f_fit[9,1]",1.05321716325,1.01393,0.244361289956853,0.2225241753,0.7254341,1.5154445,1.00011779297162,6595.27218844208,7015.93219452277
"f_fit[10,1]",0.931137772125,0.912928,0.184386494028509,0.1700497722,0.66666895,1.2456935,1.00042525340983,7122.2063684467,7499.73181315076
"f_fit[11,1]",0.9311369165,0.912928,0.184386106341113,0.1700571852,0.66666895,1.245684,1.00042568084574,7122.25620410025,7499.73181315076
"f_fit[12,1]",0.93112803025,0.9129075,0.184381999716374,0.1700949915,0.6666637,1.2456345,1.00042978171015,7122.25042448585,7499.73181315076
"f_fit[13,1]",0.962795277375,0.952471,0.197101891306012,0.1729319466,0.6660515,1.275119,1.00021830671047,6854.22576785881,7228.42617828403
"f_fit[14,1]",0.962816626875,0.9524925,0.197112106883277,0.1729430661,0.66604395,1.275149,1.00021904927331,6853.90023405558,7228.42617828403
"f_fit[15,1]",0.962816763875,0.9524925,0.197112159217118,0.1729423248,0.66604395,1.275149,1.00021899065287,6853.87498256426,7228.42617828403
"f_fit[16,1]",1.19754229420187,1.22505,0.352315974026955,0.308491995,0.579128,1.7060715,1.0000817989174,5623.25294008218,6735.31017376563
"f_fit[17,1]",1.19759085013438,1.225135,0.352354593940622,0.30852906,0.5790745,1.706191,1.00008187983573,5623.15543433954,6735.31017376563
"f_fit[18,1]",1.19761822319125,1.22518,0.352376431920425,0.308551299,0.579045,1.706261,1.00008197694162,5623.06810741845,6735.31017376563
"f_fit[19,1]",1.68473060027025,1.79783,0.804020593556228,0.685428219,0.18255285,2.812169,1.00015057650258,5675.02506610884,6906.56093417633
"f_fit[20,1]",1.68481499406825,1.79792,0.804106347320366,0.685502349,0.1824796,2.8123925,1.00015090990843,5675.12218962515,6906.56093417633
"f_fit[21,1]",1.684891285605,1.798005,0.804183920645608,0.685532001,0.18241335,2.812597,1.00014928379109,5674.96639350859,6906.56093417633
"f_fit[1,2]",-1.70214073778063,-1.57656,1.48247846147308,1.5235731336,-4.3486055,0.494251749999998,1.00053180027261,6620.52866514624,7015.95120450343
"f_fit[2,2]",-1.70213976594037,-1.57656,1.48247563893347,1.5235731336,-4.348605,0.494247799999998,1.00053173913702,6620.53615449761,7015.95120450343
"f_fit[3,2]",-1.70213635245663,-1.576555,1.48246623769771,1.5235664619,-4.348585,0.494235799999998,1.00053419933134,6620.54735246325,7015.95120450343
"f_fit[4,2]",-1.35521276289325,-1.23454,0.871513376878274,0.862524789,-2.955592,-0.139978100000001,1.00008358073434,6454.77975144146,6805.64169257979
"f_fit[5,2]",-1.3552120379875,-1.23454,0.871512619221271,0.862524789,-2.9555915,-0.139978100000001,1.00008358004737,6454.75241619903,6805.64169257979
"f_fit[6,2]",-1.35514507613775,-1.234555,0.871438415020655,0.8624373156,-2.955336,-0.139927100000001,1.00008346200963,6454.65468043067,6805.64169257979
"f_fit[7,2]",-0.91625948366075,-0.856569,0.557657653956683,0.5229886326,-1.923264,-0.1138445,0.999926963975355,6335.13924616257,6890.51826897167
"f_fit[8,2]",-0.916222587855,-0.8565315,0.557641424706202,0.5229315525,-1.9231935,-0.1138441,0.999926984422727,6335.0921327755,6890.51826897167
"f_fit[9,2]",-0.9162026619535,-0.8565115,0.557632632712961,0.5229070896,-1.9231535,-0.1138444,0.999926993643773,6335.10474742293,6890.51826897167
"f_fit[10,2]",-0.401295827246987,-0.3750175,0.41793619344685,0.381806565,-1.0871465,0.233460399999999,1.00000523503405,7106.11467944866,7190.08074441641
"f_fit[11,2]",-0.401286895445437,-0.375006,0.41793494777627,0.3817954455,-1.0871365,0.233468499999999,1.00000548191785,7106.11879609995,7190.08074441641
"f_fit[12,2]",-0.401195894823183,-0.3748905,0.417922115625155,0.3816790614,-1.0869525,0.233550549999999,1.00000647745677,7106.19386419352,7190.08074441641
"f_fit[13,2]",0.17375848806915,0.2084605,0.407046544697483,0.33031786851,-0.47140195,0.73310325,1.00002229902138,7363.37633781418,6808.74517573259
"f_fit[14,2]",0.17386087961425,0.2085925,0.407058253474873,0.33037405905,-0.4713764,0.7332326,1.00002315049777,7363.24785752817,6808.74517573259
"f_fit[15,2]",0.173861447302875,0.208593,0.407058331677899,0.33037398492,-0.47137635,0.73323265,1.0000229594059,7363.24782045927,6808.74517573259
"f_fit[16,2]",0.792845732921815,0.861449,0.597628352175891,0.4960646166,-0.18526035,1.6045855,1.00008514004061,5957.16495112409,6612.85120374928
"f_fit[17,2]",0.792933240483175,0.8615115,0.597674547383363,0.4961646921,-0.1853055,1.604736,1.00008514295092,5956.9971955831,6612.85120374928
"f_fit[18,2]",0.792982625340625,0.861547,0.597700619715772,0.4962454938,-0.18526945,1.604826,1.00008513202304,5956.87071635725,6613.01656674746
"f_fit[19,2]",1.4401069558985,1.44411,1.11823561196243,1.0258872939,-0.38401225,3.19207,1.00037040343176,5556.26616376496,6785.75903670315
"f_fit[20,2]",1.44019478496325,1.44414,1.11833266853315,1.0259643891,-0.38411915,3.192407,1.00036904464039,5556.30257135969,6785.75903670315
"f_fit[21,2]",1.44027420122563,1.444165,1.11842029288065,1.0260370365,-0.3842146,3.1927145,1.00036894419016,5556.23382301557,6785.75903670315
"f_fit[1,3]",0.140963528065321,0.128578,0.851274114146432,0.8342338158,-1.2462275,1.563273,1.00002316361504,6713.62121293173,7307.54763872515
"f_fit[2,3]",0.1409635314188,0.128579,0.851272446339674,0.8342330745,-1.246218,1.5632725,1.0000231545692,6713.63113870461,7307.54763872515
"f_fit[3,3]",0.140963493174706,0.12858,0.85126675977836,0.8342323332,-1.246208,1.563263,1.00002308106066,6713.63006134685,7307.54763872515
"f_fit[4,3]",0.075483956108625,0.0405101,0.501053824398649,0.49032117246,-0.68517905,0.94825685,1.0002369758568,6457.66943657395,6775.01528052082
"f_fit[5,3]",0.0754837142635,0.04051055,0.501053399398884,0.49032258093,-0.6851781,0.94825585,1.00023628010467,6457.66695999465,6775.01528052082
"f_fit[6,3]",0.075461155217225,0.04055615,0.501013632837439,0.49041094389,-0.6850775,0.9481749,1.00023645169854,6457.65267312267,6775.01528052082
"f_fit[7,3]",-0.13697931669275,-0.151469,0.337159151896241,0.3161214546,-0.65367295,0.428536399999999,1.00020104790283,6389.84585059978,6963.51298106524
"f_fit[8,3]",-0.137002178768185,-0.151481,0.337150978255711,0.31612686609,-0.65368825,0.428506349999999,1.00020164778428,6389.6651379717,6963.51298106524
"f_fit[9,3]",-0.137014494308012,-0.1514875,0.337146543932069,0.31612745913,-0.6536963,0.428489799999999,1.00020252217336,6389.67658978873,6963.51298106524
"f_fit[10,3]",-0.529841939989887,-0.523936,0.280778849454766,0.2515727571,-0.991684,-0.09721841,1.00003369821854,7120.95055618773,7360.00484675917
"f_fit[11,3]",-0.529849999213188,-0.523944,0.280778767855303,0.251574981,-0.99168725,-0.097223995,1.00003364137873,7120.9831629163,7360.00484675917
"f_fit[12,3]",-0.529932118799975,-0.524024,0.280778020042602,0.2515942548,-0.99174045,-0.097281795,1.00003374967395,7121.09221985444,7360.00484675917
"f_fit[13,3]",-1.1365538059725,-1.12582,0.328609542599345,0.2887459869,-1.6656075,-0.6493396,1.00013128560184,7166.42533342744,7197.25243278751
"f_fit[14,3]",-1.13667752666875,-1.12593,0.328626748804939,0.2887222653,-1.6656885,-0.64939195,1.00013195944332,7166.33873936353,7197.25243278751
"f_fit[15,3]",-1.1366781824475,-1.125935,0.328626848228547,0.2887222653,-1.665689,-0.649392,1.00013088187895,7166.32931042231,7197.25243278751
"f_fit[16,3]",-1.99038810847,-1.974915,0.501521750215779,0.453623709,-2.825097,-1.241342,1.0001832318461,6863.45531558118,6761.96564417834
"f_fit[17,3]",-1.9905240431925,-1.97508,0.501558284651287,0.453608883,-2.825279,-1.2413935,1.00018266699084,6863.29587836023,6761.96564417834
"f_fit[18,3]",-1.990600838785,-1.97517,0.501578892201343,0.45360147,-2.8253795,-1.2414245,1.00018376302146,6863.25805402639,6761.96564417834
"f_fit[19,3]",-3.1248376477125,-3.07451,0.909986973618479,0.854667009,-4.6838915,-1.710574,1.00024081132593,6857.33927124119,6811.88938141669
"f_fit[20,3]",-3.125009755875,-3.0746,0.910064129439128,0.854689248,-4.684269,-1.710556,1.00023807989966,6857.53111248079,6811.88938141669
"f_fit[21,3]",-3.1251654334,-3.07468,0.910133976262113,0.854733726,-4.6846075,-1.710547,1.00023969327052,6857.57325510472,6811.88938141669
"p_fit[1,1]",0.7115676992875,0.732544,0.119523062247772,0.1025329095,0.4734765,0.86799015,1.00015255574843,7112.42646766663,6614.59906366557
"p_fit[2,1]",0.7115677598,0.732544,0.119522620717515,0.1025329095,0.47347655,0.8679901,1.00015252990265,7112.4256890849,6614.59906366557
"p_fit[3,1]",0.711567964275,0.7325445,0.119521166002222,0.1025314269,0.4734767,0.86798915,1.00015255250195,7112.41281638699,6614.59906366557
"p_fit[4,1]",0.70025139025,0.707123,0.0502601560104844,0.0449924622000001,0.6078438,0.771185,1.00008959774671,6800.25828509567,7102.19312277623
"p_fit[5,1]",0.700251341375,0.707123,0.0502601257300122,0.0449924622000001,0.6078438,0.771185,1.00008957954023,6800.2622905195,7102.19312277623
"p_fit[6,1]",0.700246742875,0.707115,0.0502567014066437,0.0450013577999999,0.6078521,0.77118055,1.00008960187823,6800.2078239225,7102.19312277623
"p_fit[7,1]",0.674274420375,0.6786385,0.0481579062228481,0.0458686787999999,0.58905745,0.7447435,1.00021938683407,6836.37994442872,7197.6886535759
"p_fit[8,1]",0.67427272125,0.6786395,0.0481585174444989,0.0458805396,0.58905745,0.7447443,1.00021930649364,6836.3501965312,7197.6886535759
"p_fit[9,1]",0.674271813125,0.6786405,0.0481588396691847,0.0458835048,0.5890575,0.74474425,1.00021920975378,6836.36078350095,7197.6886535759
"p_fit[10,1]",0.653745291125,0.658151,0.0622797890224727,0.0611483543999998,0.545879,0.74650915,1.00014135806261,7041.21313988205,7495.36931745493
"p_fit[11,1]",0.653744918625,0.6581505,0.0622800737550693,0.0611476131000001,0.54587715,0.7465082,1.00014043798864,7041.20815177452,7495.36931745493
"p_fit[12,1]",0.653741111375,0.6581455,0.06228303151762,0.0611453891999999,0.54586515,0.7465044,1.00014082947754,7041.29654941462,7495.36931745493
"p_fit[13,1]",0.620142899,0.620925,0.0821476702570735,0.0809440296,0.4857009,0.75461125,1.0003420780427,7345.24238470287,6692.23364737487
"p_fit[14,1]",0.620134954125,0.620919,0.0821527645234101,0.0809558904000001,0.48568225,0.7546257,1.00034297268822,7345.12545480902,6692.23364737487
"p_fit[15,1]",0.62013491125,0.620919,0.0821527916160608,0.0809558904000001,0.48568225,0.7546257,1.00034297181679,7345.12345445814,6692.23364737487
"p_fit[16,1]",0.567305505025,0.576605,0.154115495164329,0.1548746199,0.2944212,0.8073595,1.00006942083992,5492.91931175497,6756.26373537905
"p_fit[17,1]",0.5672989087625,0.5766035,0.154131453400795,0.1549146501,0.29435245,0.8073485,1.00006947743874,5492.73959414128,6756.26373537905
"p_fit[18,1]",0.567295177475,0.5766025,0.154140464788692,0.1549420782,0.29431265,0.80734305,1.00006955162092,5492.60642721274,6756.26373537905
"p_fit[19,1]",0.546942514644875,0.598333,0.278781806466975,0.3243291282,0.057591605,0.92561485,0.999973187093432,5399.99292024726,6706.37346088603
"p_fit[20,1]",0.546943621489,0.5983305,0.278797508629593,0.3243565563,0.05757099,0.9256274,0.999973874252015,5399.84708631231,6706.37346088603
"p_fit[21,1]",0.546944619942625,0.598329,0.278811701862037,0.3243654519,0.05755241,0.92563895,0.999973389227423,5399.79466303974,6706.37346088603
"p_fit[1,2]",0.0993218943723838,0.03663685,0.139347151953743,0.050885530332,0.00058645375,0.41851355,1.00009547241073,6605.00075053028,6788.93264388979
"p_fit[2,2]",0.0993217430040225,0.0366369,0.139346770093215,0.05088557481,0.00058645985,0.41851345,1.00009547820325,6604.99907464026,6788.93264388979
"p_fit[3,2]",0.0993212332439588,0.03663705,0.139345498056228,0.050885693418,0.0005864811,0.41851035,1.0000954856148,6605.01840442307,6788.93264388979
"p_fit[4,2]",0.084939483249625,0.06214685,0.0770957971261589,0.0651187572,0.0051519025,0.2404166,1.00012029659222,6456.06645087871,7026.68614007418
"p_fit[5,2]",0.084939499825125,0.0621469,0.0770957498304329,0.0651187572,0.005151922,0.2404166,1.00012028228494,6456.07987388009,7026.68614007418
"p_fit[6,2]",0.08494140760375,0.0621544,0.0770917687167504,0.06512698563,0.0051538845,0.2403979,1.00012026603962,6455.95719774043,7026.68614007418
"p_fit[7,2]",0.117121072286625,0.1053765,0.072106874205644,0.06954202017,0.023554885,0.25151405,0.999941138638509,6340.54630865533,6744.90482188553
"p_fit[8,2]",0.117125133767625,0.1053805,0.0721074259831126,0.06954372516,0.023556395,0.2515152,0.999941116731535,6340.58575424962,6744.90482188553
"p_fit[9,2]",0.11712732013075,0.1053815,0.0721077220596842,0.06954446646,0.02355716,0.2515153,0.999941098600114,6340.60745411815,6744.90482188553
"p_fit[10,2]",0.1909271509325,0.1825235,0.0829090857290061,0.0810596724,0.072777195,0.33962675,0.999917944573827,7113.6559231886,7223.87582439453
"p_fit[11,2]",0.19092868342375,0.1825255,0.0829092832459699,0.0810574485,0.072778035,0.33962875,0.99991804001534,7113.67248307783,7223.87582439453
"p_fit[12,2]",0.1909443357375,0.182542,0.0829112119826582,0.0810478116,0.07278672,0.339645,0.999916640489276,7113.8161845801,7223.87582439453
"p_fit[13,2]",0.2993479287575,0.2994595,0.0960806895082351,0.0930887475,0.1399795,0.4563182,1.00006462937866,7414.06185004047,6685.898470201
"p_fit[14,2]",0.2993678410225,0.299489,0.0960845779298437,0.0930894888,0.1399734,0.45633465,1.00006460354596,7413.9483146064,6685.898470201
"p_fit[15,2]",0.299367956305,0.299489,0.0960846042260143,0.0930894888,0.1399734,0.45633465,1.00006448775265,7413.94483015148,6685.898470201
"p_fit[16,2]",0.405778572525625,0.3997815,0.161148859270422,0.1613261538,0.14682675,0.6833124,1.0000877262509,5528.36721302354,6554.19265003508
"p_fit[17,2]",0.4057900130145,0.39979,0.161164054606111,0.1613580297,0.1468212,0.68335585,1.00008760804859,5528.37133188737,6554.19265003508
"p_fit[18,2]",0.405796462959125,0.399789,0.161172640002539,0.1613676666,0.14681785,0.68338065,1.00008750168975,5528.2956335134,6554.19265003508
"p_fit[19,2]",0.4465059638818,0.3958335,0.281395757746594,0.3272572632,0.061112425,0.93912145,0.99993765934722,5393.24148582575,6749.97520471752
"p_fit[20,2]",0.446506095354062,0.3958505,0.281411037483782,0.3272669001,0.06109767,0.9391374,0.999938212962728,5393.34862879361,6749.97520471752
"p_fit[21,2]",0.446506207858137,0.395859,0.281424847221533,0.3272750544,0.061084305,0.9391513,0.999938807064021,5393.45420140023,6749.97520471752
"p_fit[1,3]",0.1891104118575,0.185185,0.0792696044921355,0.0813243165,0.063298115,0.32558455,1.00023182278867,7132.66002200204,7114.85019001239
"p_fit[2,3]",0.1891104956025,0.185185,0.0792693613394672,0.0813243165,0.063298415,0.32558355,1.00023182801655,7132.65992660914,7114.85019001239
"p_fit[3,3]",0.1891108000925,0.1851855,0.0792685678802461,0.0813235752,0.063299235,0.32558155,1.00023002141745,7132.65864540404,7114.85019001239
"p_fit[4,3]",0.21480912435,0.219198,0.0442690221254393,0.0428678964,0.1346599,0.2795343,0.99974998471385,6460.61137930361,7323.30615944122
"p_fit[5,3]",0.2148091589875,0.219198,0.0442690046434266,0.0428671551,0.1346599,0.2795343,0.999749991275059,6460.6208503714,7323.30615944122
"p_fit[6,3]",0.2148118449375,0.219202,0.0442673734050946,0.0428701203,0.134673,0.2795481,0.999750010679579,6460.64073886519,7342.53957163509
"p_fit[7,3]",0.2086045122125,0.2110535,0.0384914990530036,0.0377403243,0.14199235,0.2676109,1.00000642410833,6582.05483750138,7410.05403852098
"p_fit[8,3]",0.208602146475,0.211051,0.0384910627692753,0.0377388417,0.1419903,0.267606,1.00000645108998,6582.11392471087,7410.05403852098
"p_fit[9,3]",0.208600862425,0.211049,0.0384908346643139,0.0377373591,0.14198925,0.26760305,1.00000644615704,6582.09089602577,7410.05403852098
"p_fit[10,3]",0.1553275532075,0.156358,0.0343578774002171,0.0335000883,0.096672785,0.2100445,1.00011506966245,7154.23574855066,7364.285670906
"p_fit[11,3]",0.15532639704,0.1563565,0.0343578255414756,0.0335000883,0.09667169,0.21004355,1.00011509785555,7154.20767465436,7364.285670906
"p_fit[12,3]",0.1553145513775,0.1563415,0.0343573153599142,0.0334956405,0.096660225,0.21003375,1.00011516916566,7154.17873627005,7364.285670906
"p_fit[13,3]",0.08050917517875,0.0786676,0.0278298359276106,0.02757539631,0.038150975,0.12917115,1.00013031057742,7060.37632855448,7251.15094973397
"p_fit[14,3]",0.08049720733875,0.07865475,0.0278279743138316,0.02757806499,0.038141935,0.1291629,1.000130211883,7060.34625304199,7251.15094973397
"p_fit[15,3]",0.08049714406,0.0786547,0.0278279700806978,0.02757806499,0.038141935,0.1291629,1.00013021222173,7060.35525075038,7251.15094973397
"p_fit[16,3]",0.026915920319375,0.02394115,0.0155331384411057,0.01462125294,0.006950899,0.056619835,0.999936890541139,6916.82242614837,7134.60461831588
"p_fit[17,3]",0.026911079691375,0.0239364,0.0155315695236279,0.01461880665,0.006949055,0.05661193,0.99993692721828,6916.90148187711,7134.60461831588
"p_fit[18,3]",0.02690834552525,0.0239339,0.0155306838391786,0.0146176947,0.0069480095,0.056607385,0.999936891580432,6916.86205095112,7134.60461831588
"p_fit[19,3]",0.00655153371094,0.0039413,0.00751067211072254,0.004270681191,0.00034167675,0.022181135,1.00001787104737,6722.87415484307,7158.96310307059
"p_fit[20,3]",0.006550292895545,0.00394013,0.00751009329512407,0.004269650784,0.00034148815,0.022178345,1.00001798449598,6722.91016882833,7158.96310307059
"p_fit[21,3]",0.00654917181947625,0.003939265,0.0075095711117634,0.004268709333,0.0003413187,0.02217584,1.00001806846194,6722.81013278154,7158.96310307059
"s1_mean[1,1]",-15.16,-15.16,0,0,-15.16,-15.16,NA,NA,NA
"s1_mean[2,1]",-15.16,-15.16,0,0,-15.16,-15.16,NA,NA,NA
"s1_mean[3,1]",-15.16,-15.16,0,0,-15.16,-15.16,NA,NA,NA
"s1_mean[4,1]",-17.2,-17.2,0,0,-17.2,-17.2,NA,NA,NA
"s1_mean[5,1]",-17.2,-17.2,0,0,-17.2,-17.2,NA,NA,NA
"s1_mean[6,1]",-17.2,-17.2,0,0,-17.2,-17.2,NA,NA,NA
"s1_mean[7,1]",-15.06,-15.06,0,0,-15.06,-15.06,NA,NA,NA
"s1_mean[8,1]",-15.06,-15.06,0,0,-15.06,-15.06,NA,NA,NA
"s1_mean[9,1]",-15.06,-15.06,0,0,-15.06,-15.06,NA,NA,NA
"s1_mean[10,1]",-17.17,-17.17,0,0,-17.17,-17.17,NA,NA,NA
"s1_mean[11,1]",-17.17,-17.17,0,0,-17.17,-17.17,NA,NA,NA
"s1_mean[12,1]",-17.17,-17.17,0,0,-17.17,-17.17,NA,NA,NA
"s1_mean[13,1]",-19.45,-19.45,0,0,-19.45,-19.45,NA,NA,NA
"s1_mean[14,1]",-19.45,-19.45,0,0,-19.45,-19.45,NA,NA,NA
"s1_mean[15,1]",-19.45,-19.45,0,0,-19.45,-19.45,NA,NA,NA
"s1_mean[16,1]",-20.1,-20.1,0,0,-20.1,-20.1,NA,NA,NA
"s1_mean[17,1]",-20.1,-20.1,0,0,-20.1,-20.1,NA,NA,NA
"s1_mean[18,1]",-20.1,-20.1,0,0,-20.1,-20.1,NA,NA,NA
"s1_mean[19,1]",-16.61,-16.61,0,0,-16.61,-16.61,NA,NA,NA
"s1_mean[20,1]",-16.61,-16.61,0,0,-16.61,-16.61,NA,NA,NA
"s1_mean[21,1]",-16.61,-16.61,0,0,-16.61,-16.61,NA,NA,NA
"s1_mean[1,2]",-21.51,-21.51,0,0,-21.51,-21.51,NA,NA,NA
"s1_mean[2,2]",-21.51,-21.51,0,0,-21.51,-21.51,NA,NA,NA
"s1_mean[3,2]",-21.51,-21.51,0,0,-21.51,-21.51,NA,NA,NA
"s1_mean[4,2]",-20.07,-20.07,0,0,-20.07,-20.07,NA,NA,NA
"s1_mean[5,2]",-20.07,-20.07,0,0,-20.07,-20.07,NA,NA,NA
"s1_mean[6,2]",-20.07,-20.07,0,0,-20.07,-20.07,NA,NA,NA
"s1_mean[7,2]",-22.25,-22.25,0,0,-22.25,-22.25,NA,NA,NA
"s1_mean[8,2]",-22.25,-22.25,0,0,-22.25,-22.25,NA,NA,NA
"s1_mean[9,2]",-22.25,-22.25,0,0,-22.25,-22.25,NA,NA,NA
"s1_mean[10,2]",-20,-20,0,0,-20,-20,NA,NA,NA
"s1_mean[11,2]",-20,-20,0,0,-20,-20,NA,NA,NA
"s1_mean[12,2]",-20,-20,0,0,-20,-20,NA,NA,NA
"s1_mean[13,2]",-20.91,-20.91,0,0,-20.91,-20.91,NA,NA,NA
"s1_mean[14,2]",-20.91,-20.91,0,0,-20.91,-20.91,NA,NA,NA
"s1_mean[15,2]",-20.91,-20.91,0,0,-20.91,-20.91,NA,NA,NA
"s1_mean[16,2]",-21.82,-21.82,0,0,-21.82,-21.82,NA,NA,NA
"s1_mean[17,2]",-21.82,-21.82,0,0,-21.82,-21.82,NA,NA,NA
"s1_mean[18,2]",-21.82,-21.82,0,0,-21.82,-21.82,NA,NA,NA
"s1_mean[19,2]",-18.19,-18.19,0,0,-18.19,-18.19,NA,NA,NA
"s1_mean[20,2]",-18.19,-18.19,0,0,-18.19,-18.19,NA,NA,NA
"s1_mean[21,2]",-18.19,-18.19,0,0,-18.19,-18.19,NA,NA,NA
"s1_mean[1,3]",-28.95,-28.95,0,0,-28.95,-28.95,NA,NA,NA
"s1_mean[2,3]",-28.95,-28.95,0,0,-28.95,-28.95,NA,NA,NA
"s1_mean[3,3]",-28.95,-28.95,0,0,-28.95,-28.95,NA,NA,NA
"s1_mean[4,3]",-26.57,-26.57,0,0,-26.57,-26.57,NA,NA,NA
"s1_mean[5,3]",-26.57,-26.57,0,0,-26.57,-26.57,NA,NA,NA
"s1_mean[6,3]",-26.57,-26.57,0,0,-26.57,-26.57,NA,NA,NA
"s1_mean[7,3]",-30.17,-30.17,0,0,-30.17,-30.17,NA,NA,NA
"s1_mean[8,3]",-30.17,-30.17,0,0,-30.17,-30.17,NA,NA,NA
"s1_mean[9,3]",-30.17,-30.17,0,0,-30.17,-30.17,NA,NA,NA
"s1_mean[10,3]",-28.1,-28.1,0,0,-28.1,-28.1,NA,NA,NA
"s1_mean[11,3]",-28.1,-28.1,0,0,-28.1,-28.1,NA,NA,NA
"s1_mean[12,3]",-28.1,-28.1,0,0,-28.1,-28.1,NA,NA,NA
"s1_mean[13,3]",-28.02,-28.02,0,0,-28.02,-28.02,NA,NA,NA
"s1_mean[14,3]",-28.02,-28.02,0,0,-28.02,-28.02,NA,NA,NA
"s1_mean[15,3]",-28.02,-28.02,0,0,-28.02,-28.02,NA,NA,NA
"s1_mean[16,3]",-27.94,-27.94,0,0,-27.94,-27.94,NA,NA,NA
"s1_mean[17,3]",-27.94,-27.94,0,0,-27.94,-27.94,NA,NA,NA
"s1_mean[18,3]",-27.94,-27.94,0,0,-27.94,-27.94,NA,NA,NA
"s1_mean[19,3]",-29.6,-29.6,0,0,-29.6,-29.6,NA,NA,NA
"s1_mean[20,3]",-29.6,-29.6,0,0,-29.6,-29.6,NA,NA,NA
"s1_mean[21,3]",-29.6,-29.6,0,0,-29.6,-29.6,NA,NA,NA
"s2_mean[1,1]",8.34,8.34,0,0,8.34,8.34,NA,NA,NA
"s2_mean[2,1]",8.34,8.34,0,0,8.34,8.34,NA,NA,NA
"s2_mean[3,1]",8.34,8.34,0,0,8.34,8.34,NA,NA,NA
"s2_mean[4,1]",12.76,12.76,0,0,12.76,12.76,NA,NA,NA
"s2_mean[5,1]",12.76,12.76,0,0,12.76,12.76,NA,NA,NA
"s2_mean[6,1]",12.76,12.76,0,0,12.76,12.76,NA,NA,NA
"s2_mean[7,1]",9.75,9.75,0,0,9.75,9.75,NA,NA,NA
"s2_mean[8,1]",9.75,9.75,0,0,9.75,9.75,NA,NA,NA
"s2_mean[9,1]",9.75,9.75,0,0,9.75,9.75,NA,NA,NA
"s2_mean[10,1]",10.62,10.62,0,0,10.62,10.62,NA,NA,NA
"s2_mean[11,1]",10.62,10.62,0,0,10.62,10.62,NA,NA,NA
"s2_mean[12,1]",10.62,10.62,0,0,10.62,10.62,NA,NA,NA
"s2_mean[13,1]",11.47,11.47,0,0,11.47,11.47,NA,NA,NA
"s2_mean[14,1]",11.47,11.47,0,0,11.47,11.47,NA,NA,NA
"s2_mean[15,1]",11.47,11.47,0,0,11.47,11.47,NA,NA,NA
"s2_mean[16,1]",11.59,11.59,0,0,11.59,11.59,NA,NA,NA
"s2_mean[17,1]",11.59,11.59,0,0,11.59,11.59,NA,NA,NA
"s2_mean[18,1]",11.59,11.59,0,0,11.59,11.59,NA,NA,NA
"s2_mean[19,1]",9.37,9.37,0,0,9.37,9.37,NA,NA,NA
"s2_mean[20,1]",9.37,9.37,0,0,9.37,9.37,NA,NA,NA
"s2_mean[21,1]",9.37,9.37,0,0,9.37,9.37,NA,NA,NA
"s2_mean[1,2]",7.66,7.66,0,0,7.66,7.66,NA,NA,NA
"s2_mean[2,2]",7.66,7.66,0,0,7.66,7.66,NA,NA,NA
"s2_mean[3,2]",7.66,7.66,0,0,7.66,7.66,NA,NA,NA
"s2_mean[4,2]",6.55,6.55,0,0,6.55,6.55,NA,NA,NA
"s2_mean[5,2]",6.55,6.55,0,0,6.55,6.55,NA,NA,NA
"s2_mean[6,2]",6.55,6.55,0,0,6.55,6.55,NA,NA,NA
"s2_mean[7,2]",8.2,8.2,0,0,8.2,8.2,NA,NA,NA
"s2_mean[8,2]",8.2,8.2,0,0,8.2,8.2,NA,NA,NA
"s2_mean[9,2]",8.2,8.2,0,0,8.2,8.2,NA,NA,NA
"s2_mean[10,2]",6.45,6.45,0,0,6.45,6.45,NA,NA,NA
"s2_mean[11,2]",6.45,6.45,0,0,6.45,6.45,NA,NA,NA
"s2_mean[12,2]",6.45,6.45,0,0,6.45,6.45,NA,NA,NA
"s2_mean[13,2]",5.88,5.88,0,0,5.88,5.88,NA,NA,NA
"s2_mean[14,2]",5.88,5.88,0,0,5.88,5.88,NA,NA,NA
"s2_mean[15,2]",5.88,5.88,0,0,5.88,5.88,NA,NA,NA
"s2_mean[16,2]",5.31,5.31,0,0,5.31,5.31,NA,NA,NA
"s2_mean[17,2]",5.31,5.31,0,0,5.31,5.31,NA,NA,NA
"s2_mean[18,2]",5.31,5.31,0,0,5.31,5.31,NA,NA,NA
"s2_mean[19,2]",10.35,10.35,0,0,10.35,10.35,NA,NA,NA
"s2_mean[20,2]",10.35,10.35,0,0,10.35,10.35,NA,NA,NA
"s2_mean[21,2]",10.35,10.35,0,0,10.35,10.35,NA,NA,NA
"s2_mean[1,3]",9.47,9.47,0,0,9.47,9.47,NA,NA,NA
"s2_mean[2,3]",9.47,9.47,0,0,9.47,9.47,NA,NA,NA
"s2_mean[3,3]",9.47,9.47,0,0,9.47,9.47,NA,NA,NA
"s2_mean[4,3]",8.63,8.63,0,0,8.63,8.63,NA,NA,NA
"s2_mean[5,3]",8.63,8.63,0,0,8.63,8.63,NA,NA,NA
"s2_mean[6,3]",8.63,8.63,0,0,8.63,8.63,NA,NA,NA
"s2_mean[7,3]",10.4,10.4,0,0,10.4,10.4,NA,NA,NA
"s2_mean[8,3]",10.4,10.4,0,0,10.4,10.4,NA,NA,NA
"s2_mean[9,3]",10.4,10.4,0,0,10.4,10.4,NA,NA,NA
"s2_mean[10,3]",6.01,6.01,0,0,6.01,6.01,NA,NA,NA
"s2_mean[11,3]",6.01,6.01,0,0,6.01,6.01,NA,NA,NA
"s2_mean[12,3]",6.01,6.01,0,0,6.01,6.01,NA,NA,NA
"s2_mean[13,3]",7.36,7.36,0,0,7.36,7.36,NA,NA,NA
"s2_mean[14,3]",7.36,7.36,0,0,7.36,7.36,NA,NA,NA
"s2_mean[15,3]",7.36,7.36,0,0,7.36,7.36,NA,NA,NA
"s2_mean[16,3]",8.71,8.71,0,0,8.71,8.71,NA,NA,NA
"s2_mean[17,3]",8.71,8.71,0,0,8.71,8.71,NA,NA,NA
"s2_mean[18,3]",8.71,8.71,0,0,8.71,8.71,NA,NA,NA
"s2_mean[19,3]",11.34,11.34,0,0,11.34,11.34,NA,NA,NA
"s2_mean[20,3]",11.34,11.34,0,0,11.34,11.34,NA,NA,NA
"s2_mean[21,3]",11.34,11.34,0,0,11.34,11.34,NA,NA,NA
