variable;mean;median;sd;mad;q5;q95;rhat;ess_bulk;ess_tail;
lp__;-25397.92805;-25397.6;9.11015697271504;9.19212000000108;-25413.105;-25383.5;0.999876094757007;6189.00378204447;6741.58429531047;
y0[1];-19.3060743625;-19.30595;0.051926288153437;0.0481103699999959;-19.390805;-19.221995;1.00049251142313;6708.99400208791;6455.95298056834;
y0[2];6.7805361625;6.78437;0.378528429732151;0.351998892;6.1650875;7.394266;1.00029195570317;6355.18361540156;6357.14755178973;
sigma[1];0.0887907013;0.08590375;0.0186168106450999;0.01661875992;0.06458267;0.1229142;1.00030180055236;6482.49645088721;6601.97690279402;
sigma[2];0.652051469625;0.6343385;0.153275966949737;0.1442377062;0.43637535;0.92404285;0.999916487584287;5147.19686880401;6137.62278774006;
beta[1;1];0.95985428792275;0.943303;1.17569842726281;1.1581789506;-0.9587892;2.8779795;0.999923912687748;5564.63378242412;6038.19785961478
beta[2;1];-0.3865964814145;-0.3625065;1.23511922238938;1.2264941934;-2.4256115;1.642974;1.00002520506057;5829.13401831082;6265.19044471337
beta[3;1];-0.503070220877962;-0.510224;1.19541255378315;1.1668662453;-2.458701;1.4491735;0.999874231937728;5685.52163509056;6352.85967029266
beta[1;2];-0.119372646900162;-0.129026;0.661190551029167;0.6607177248;-1.200219;0.970154049999999;1.00001291859293;6759.25357349049;7213.13114418815
beta[2;2];1.12602267747475;1.1248;0.844728940626804;0.8440308366;-0.27186205;2.53;1.00054431869268;6471.06721028757;6600.87170823305
beta[3;2];-1.02158170255662;-1.01483;0.729231843006535;0.7222663812;-2.2240465;0.177569599999999;1.00032829242632;6735.2701120744;6228.09790627295
beta[1;3];0.3150828464496;0.3126775;0.388487979678688;0.38769152331;-0.3218977;0.9429963;1.00024554451033;6197.58110168433;6834.58327438728
beta[2;3];0.141830652716225;0.137086;0.507063254587426;0.5040187656;-0.6972055;0.983705949999999;1.00084841178021;7089.83562998954;6937.57396033854
beta[3;3];-0.452813629359562;-0.454459;0.395377262229266;0.3980402937;-1.098202;0.187995699999999;1.00080592508388;7060.15745599707;7303.69507834176
beta[1;4];0.0683952798637;0.0693385;0.226715309446674;0.22539619389;-0.3062947;0.43615135;1.00063707933997;6995.62054424018;7001.5077278743
beta[2;4];-0.01979943529775;-0.0203285;0.249888408094593;0.2543407713;-0.4334142;0.386497749999999;1.00042887039655;6646.13280345111;6596.58970285096
beta[3;4];-0.05069562113365;-0.05105595;0.22359752808645;0.2259052446;-0.4200382;0.31652215;1.00127949648182;6893.87048182621;6845.04471629551
lambda[1];0.0270026737875;0.0269856;0.000997568397611234;0.00101357949;0.02537124;0.028650175;1.00022961905309;7177.55147863508;7109.2057249023;
lambda[2];0.0269992406375;0.02699085;0.000993320897161605;0.000995343510000002;0.02538897;0.028653425;0.999753200047902;7202.03838819696;6840.6030820769;
lambda[3];0.0268030907375;0.026786;0.000986190904744376;0.000966877590000001;0.02519905;0.028448045;1.00022125728355;6890.87016500751;6299.96964161205;
lambda[4];0.01900037515;0.0189992;0.0010101548265064;0.00103589262;0.017370845;0.020687;0.999755177984534;7116.18035270073;6504.33737220362;
lambda[5];0.0190115725375;0.01899155;0.000988044111249737;0.000988894199999999;0.017443275;0.02067013;1.00001326140603;6879.36963673906;6092.30866231596;
lambda[6];0.0190282926;0.0190168;0.000998904013881644;0.00100994712;0.017398655;0.02071451;0.999817755353485;7316.66119401644;6994.22839653536;
lambda[7];0.01098545385625;0.010951;0.0010032689731226;0.00100283064;0.009413423;0.012693515;0.999938269085986;6824.97005551578;6718.86111431325;
lambda[8];0.011013358575;0.01097815;0.00101000173483665;0.00099171114;0.009432141;0.01275338;1.0001388569097;7447.34527606297;6725.93873823697;
lambda[9];0.01081044357875;0.0107818;0.000980050313122718;0.000990302669999999;0.009280718;0.01245068;1.00012250284864;7057.64015500196;6699.07083985251;
lambda[10];0.00398957962875;0.003910105;0.000992544837550094;0.000968048844;0.0024971595;0.0057643295;1.00018775801447;5901.30898415847;6187.87699013735;
lambda[11];0.00399921931;0.00391589;0.000995098632952376;0.000969716769;0.0025155405;0.005765967;1.00030483023243;7220.10905671274;6694.88300125227;
lambda[12];0.00376778028625;0.003686675;0.00092632732946946;0.000913496577;0.002398349;0.005419139;1.00077537152823;6816.37286195266;7003.20589379384;
lambda[13];0.00898540840125;0.00894296;0.00100540315196133;0.000988345637999999;0.007421633;0.010708855;1.00120915977292;6721.18587787897;6551.92681115859;
lambda[14];0.00899637796625;0.008970025;0.00100426658518017;0.001005610515;0.007400222;0.010683695;1.00065565697414;6265.32229914152;6424.95479825035;
lambda[15];0.008859136475;0.00883036;0.000955417243692117;0.000951265811999997;0.0073467075;0.010482085;1.00033502578467;7339.8767740211;6338.4962957421;
lambda[16];0.0140032176125;0.0139747;0.0010033361426451;0.000977329920000001;0.012404465;0.01570457;1.00044017535992;7192.00286008617;6842.46579168658;
lambda[17];0.0139888282625;0.013963;0.000996616214500274;0.00101521035;0.012402275;0.015662335;0.999630395157631;6671.01450373633;6779.37508265037;
lambda[18];0.0143214668625;0.01428915;0.00098425342663444;0.00100023609;0.012740475;0.015954555;1.00047477558507;6962.66252454236;6911.69788672131;
lambda[19];0.0139927908625;0.01395035;0.000993163036955667;0.00099564003;0.012427165;0.01567561;0.999989682492931;7018.5512247422;6437.97959097055;
lambda[20];0.0139970242125;0.01397435;0.00100187480090683;0.0009911181;0.012417895;0.015666035;0.999753471224005;7066.88865107441;6940.34034373559;
lambda[21];0.0140199707125;0.01400335;0.00100367979316707;0.00101343123;0.012433875;0.015688275;1.00075255952971;7582.70277167643;6848.23034928263;
s1[1;1];-15.1550823625;-15.1605;0.386088880357374;0.389923800000002;-15.7908;-14.52579;1.00010309988998;7087.09159341178;6869.91602005354
s1[2;1];-15.1564101625;-15.1542;0.39111371922453;0.393852689999999;-15.799835;-14.516185;1.00002320305993;7047.77547621922;6945.6264606514
s1[3;1];-15.170296225;-15.18035;0.383218205168212;0.38436405;-15.792515;-14.536465;1.00021278685831;7094.81711205394;6273.89565356051
s1[4;1];-17.2310161;-17.23475;0.837326657489303;0.850938270000003;-18.587565;-15.852985;0.999869684038563;7472.16988708878;7057.92707603859
s1[5;1];-17.19411855;-17.19505;0.861339135161997;0.85412586;-18.605995;-15.776555;1.00008998219658;6712.61070517708;6659.27314301323
s1[6;1];-17.0597890875;-17.0558;0.814945674687125;0.779921730000002;-18.39391;-15.70407;1.00027586853343;7179.71825835294;6393.49157682698
s1[7;1];-14.8537314;-14.8572;0.726531287600901;0.716466449999999;-16.026745;-13.64683;1.00030593517885;7285.41412853981;6947.02338778095
s1[8;1];-15.049194975;-15.05315;0.861210354002714;0.876438989999998;-16.453425;-13.644495;1.00024831582861;7519.38616197743;6094.60384339206
s1[9;1];-15.7122321125;-15.71205;0.795818894439326;0.79044819;-17.031615;-14.425445;1.00059395199992;6767.26396526138;6933.12495420215
s1[10;1];-17.4433530625;-17.43425;0.481758516766108;0.476359380000004;-18.239125;-16.65867;1.00018602305325;7019.98560946414;6532.53844090409
s1[11;1];-17.162785325;-17.16445;0.507945157785325;0.511200479999999;-18.0065;-16.324195;1.00039486596594;7083.23903444273;5805.77165831589
s1[12;1];-17.1304863625;-17.1247;0.488025376157573;0.490740599999999;-17.92394;-16.31329;0.999827263281534;7153.56792932809;7020.97887519297
s1[13;1];-19.4188531875;-19.4204;0.412673990836203;0.416907120000003;-20.09773;-18.73938;1.0005965681078;7325.01220217164;6976.79133144371
s1[14;1];-19.4527445875;-19.4503;0.417494463375352;0.422170349999996;-20.146325;-18.784885;1.00053528643155;6844.47754495037;6764.89465303442
s1[15;1];-19.40798025;-19.41395;0.405358197022614;0.407344350000001;-20.0688;-18.734885;1.00053340875096;7392.01431651762;6683.62579956419
s1[16;1];-20.0993686;-20.09965;0.0696992876066651;0.0700528499999974;-20.2134;-19.9856;0.999863624333932;7419.31933337614;6797.54436005994
s1[17;1];-20.1007808;-20.1007;0.069516643380009;0.0689409000000026;-20.218;-19.988095;1.00059726888426;6658.2441688661;6920.07736273274
s1[18;1];-20.0948748125;-20.0959;0.0693819545255938;0.0699045900000004;-20.207105;-19.98249;1.00004992424756;7212.36172509082;7035.93174813273
s1[19;1];-16.5884272625;-16.5908;0.128613107018368;0.127207080000004;-16.793905;-16.37568;0.99982912214263;6750.47183740205;6561.33922672267
s1[20;1];-16.6095894;-16.6088;0.131905076053866;0.12987576;-16.826415;-16.389895;1.00053417541665;6874.42869711107;6669.51651184318
s1[21;1];-16.6122469875;-16.6131;0.131365372115519;0.12876381;-16.82861;-16.3927;1.00069411127361;7259.78927551446;6359.05523839404
s1[1;2];-21.5087110625;-21.5104;0.15983034181169;0.16056558;-21.7656;-21.2408;1.00147430115743;6027.42735663973;6678.77727059235
s1[2;2];-21.5131051375;-21.5132;0.160796914805081;0.159972540000001;-21.7805;-21.2521;1.00104469025462;7175.67604591381;6730.88376673178
s1[3;2];-21.509349375;-21.50845;0.158440883206618;0.160194929999998;-21.7689;-21.253;1.00004905441449;6835.64238470236;5747.0794302321
s1[4;2];-20.0704960625;-20.0723;0.160128407626855;0.160713840000002;-20.338115;-19.804295;1.00007368401776;6530.41750737591;7028.36584562326
s1[5;2];-20.0735675875;-20.0725;0.158703313484293;0.15700734;-20.33441;-19.8139;1.00041568056065;7456.50685597015;6936.63676998101
s1[6;2];-20.0669648;-20.06785;0.159649707052911;0.159008850000001;-20.334315;-19.804585;1.00004197371822;7172.36149592663;6952.2928588641
s1[7;2];-22.2367295125;-22.2381;0.651264006687045;0.647747939999999;-23.29665;-21.152285;1.00054110174144;7085.48309244182;6923.73637872431
s1[8;2];-22.237885525;-22.23705;0.656553357402781;0.65649528;-23.312715;-21.169895;1.00081000204986;7298.19882708017;6492.34173114496
s1[9;2];-22.3171167;-22.3207;0.654879503511237;0.64952706;-23.40411;-21.250655;1.00027329721409;6270.69852193648;6213.99605977651
s1[10;2];-20.2106771375;-20.2059;0.893140950443;0.899122770000001;-21.66703;-18.74039;1.000177457027;6927.44754244241;7133.60652990318
s1[11;2];-19.9992898625;-19.9918;0.911060869051498;0.91098357;-21.49063;-18.49118;1.00015448336499;6650.86639019639;6278.6090344908
s1[12;2];-19.970946125;-19.9869;0.900307232102745;0.895712790000001;-21.439915;-18.486325;1.00053694250217;6740.4112394573;6539.21923855386
s1[13;2];-20.8554249125;-20.8498;0.909956804813528;0.917062229999999;-22.36932;-19.376645;1.00000215047392;7232.20021239666;7002.69131691788
s1[14;2];-20.9129046875;-20.90905;0.939724003106513;0.94011666;-22.468995;-19.370295;1.00073351669218;7031.67875099866;7045.19262622454
s1[15;2];-20.7340274875;-20.74495;0.878121083894718;0.8769579;-22.16657;-19.279375;1.0000815669527;6890.46717653196;7324.61133307107
s1[16;2];-21.55362505;-21.5344;0.867991946176533;0.868655340000001;-23.008215;-20.150115;0.999863578064335;6703.31778591866;6783.16724389752
s1[17;2];-21.833157675;-21.8186;0.972732806259068;1.00334955;-23.44691;-20.245355;1.0006487564909;6576.77483769576;6879.62130166407
s1[18;2];-20.7781074875;-20.6868;1.03049244998878;1.06087443;-22.624365;-19.253835;0.999989476420149;6409.33389355433;6958.37451847223
s1[19;2];-17.9875019625;-17.9864;0.373932213151532;0.37494954;-18.60265;-17.366975;1.00052862337698;6382.37044204478;6708.97966063815
s1[20;2];-18.1953159625;-18.1962;0.366658511519175;0.371020649999999;-18.79911;-17.594785;1.00076381370525;6863.13092060761;6694.55844013987
s1[21;2];-18.2004841875;-18.20125;0.364709797950103;0.365683290000001;-18.81201;-17.610695;1.00017767551616;7026.55040872248;6958.66139150871
s1[1;3];-28.943186075;-28.9394;0.382484289618633;0.37865604;-29.5806;-28.313195;1.00102640424127;6723.75708432905;6698.13235614581
s1[2;3];-28.9476401;-28.94015;0.385965208344284;0.383771010000004;-29.59831;-28.320595;1.00013067111484;7318.44479925642;6960.72320865743
s1[3;3];-28.939009625;-28.94005;0.374676482439412;0.376654529999999;-29.552815;-28.31989;1.00051376083448;6758.94861625928;6410.30042919295
s1[4;3];-26.5689683625;-26.5687;0.079472571441473;0.0800603999999978;-26.7;-26.4376;1.00015638389889;7075.35046181875;6652.32906962586
s1[5;3];-26.5709571;-26.5715;0.0795952647797714;0.0791708399999998;-26.70171;-26.43849;1.00056152339184;6991.34547339321;6362.99134907199
s1[6;3];-26.57013885;-26.5704;0.0797985632672352;0.0791708399999998;-26.7022;-26.4396;1.00098332477604;7224.2636837273;6057.94720950977
s1[7;3];-30.169795775;-30.1699;0.0300668724970206;0.030245039999998;-30.2186;-30.1212;1.00023888779643;6819.97743522511;6794.66701876149
s1[8;3];-30.169853625;-30.16955;0.029748514393545;0.0298743899999962;-30.219;-30.120795;1.0003807054659;7119.82788891807;6293.60305977766
s1[9;3];-30.17048315;-30.1704;0.0302033344807195;0.0303933000000029;-30.2202;-30.121;0.999829059720085;7319.92583280956;7049.51890125294
s1[10;3];-28.10035085;-28.1006;0.0799194840277914;0.0800603999999978;-28.233505;-27.968795;1.0001601203927;6478.13020287388;6223.26441995231
s1[11;3];-28.101913;-28.10235;0.0794802980192051;0.079244969999997;-28.231105;-27.972095;1.0007987968749;7031.65059796538;6687.83423979199
s1[12;3];-28.09864075;-28.0987;0.0803580201558184;0.0791708399999998;-28.2318;-27.9671;1.00050610202094;7342.70708508433;6313.29189287189
s1[13;3];-28.0202930875;-28.021;0.0643272842260913;0.0636035399999993;-28.1248;-27.912995;1.00028918365118;7232.04938316215;6779.95960707795
s1[14;3];-28.0201525875;-28.0203;0.0661529382356483;0.0652344000000007;-28.130505;-27.9104;1.00020644903008;6393.342871773;6363.94294715359
s1[15;3];-28.02106095;-28.02105;0.0647118250603036;0.0633811499999971;-28.129205;-27.914695;0.999954495898844;7161.92865744751;6820.00032859203
s1[16;3];-27.9402268625;-27.94015;0.0496003859807792;0.0489999300000043;-28.021705;-27.858;1.00126710391402;6905.17573371661;6217.17680988778
s1[17;3];-27.93943405;-27.93935;0.049736955538018;0.049889489999997;-28.02181;-27.859395;0.999800475363598;7105.21733982952;6768.33450301186
s1[18;3];-27.9394879;-27.9387;0.0498025244844137;0.0487034099999997;-28.0218;-27.8587;1.00031046934591;7278.70616606105;6852.28906866056
s1[19;3];-29.597821925;-29.5968;0.222163318139573;0.224762160000003;-29.9567;-29.235095;0.999913896061865;7079.70004768925;6774.85966836798
s1[20;3];-29.5966062125;-29.5957;0.217396895168511;0.21801633;-29.95771;-29.241895;0.999986286106683;7290.06399169923;6832.32599822063
s1[21;3];-29.59733715;-29.5959;0.224329144931138;0.226763669999998;-29.96491;-29.23168;0.999940471775375;6719.20944408705;6513.13468200891
s2[1;1];8.33297438375;8.33525;0.616308046391901;0.606650267999999;7.323351;9.3440615;1.00045340275309;7262.92078165403;7037.38246680729
s2[2;1];8.34585206125;8.348125;0.62365814671209;0.617562204000001;7.3129135;9.372241;1.0003039029315;7458.06615199869;6112.90264168299
s2[3;1];8.06557180375;8.06564;0.603174635470892;0.614656308;7.071604;9.067109;1.00025286868609;6501.16469821543;6409.51840254712
s2[4;1];12.5934496625;12.58565;0.372829785265319;0.373318679999999;11.9978;13.217525;1.0001369660693;6979.29499949883;6830.37913588318
s2[5;1];12.7638872125;12.7643;0.383781729244883;0.38206602;12.13275;13.388;1.00115789766983;7209.46899671125;6576.92643035616
s2[6;1];12.854450625;12.85685;0.37263645928164;0.36968631;12.229945;13.46031;0.999777536667609;7282.90413179506;6928.94662391549
s2[7;1];9.75570919625;9.756495;0.0795763980117946;0.0800752259999998;9.6228875;9.8861905;1.00068631123109;7122.04273038334;6406.93874729291
s2[8;1];9.74931027;9.748935;0.0796791108297208;0.0813947399999986;9.6195615;9.8791715;1.00003966035613;6476.22402665975;6413.81205693332
s2[9;1];9.7583908725;9.758635;0.0801470419189304;0.0804977669999996;9.6266815;9.8900425;1.00007696130172;6805.39793404479;6846.34938214436
s2[10;1];10.81813140375;10.81935;0.34574499644505;0.348633390000001;10.254995;11.400345;0.999804780545681;6997.18121584774;7045.50770554365
s2[11;1];10.6161285175;10.6209;0.333251178499302;0.327432209999999;10.06379;11.1674;1.00048023520053;6954.26797120506;6578.32779419117
s2[12;1];10.63619639375;10.6341;0.339834251078608;0.344926889999999;10.087065;11.20413;1.00078223081234;6567.35124225803;6275.54803499413
s2[13;1];11.4706179875;11.47075;0.0198145069213294;0.0197927100000013;11.4381;11.5031;0.999737844008194;7481.8032537681;6986.67713771721
s2[14;1];11.4702762;11.47;0.0201968072337636;0.0201633599999978;11.4376;11.5037;1.00053126041613;7258.5819651603;6934.85518581214
s2[15;1];11.4696971;11.4695;0.019971079016659;0.0200151000000008;11.4368;11.5025;1.00048263468318;7458.45801089813;6604.28669486332
s2[16;1];11.581798425;11.58105;0.110036004847571;0.111046740000001;11.399495;11.7635;0.999897947378472;7167.79153092295;6208.35098728346
s2[17;1];11.5899288625;11.5905;0.110934893933526;0.11082435;11.40969;11.7741;1.0000504800687;7042.06904415235;6910.73336510381
s2[18;1];11.5856089125;11.58405;0.109600156346153;0.10949001;11.406395;11.765505;0.999822989238575;7209.52597277329;6963.45786394601
s2[19;1];9.359899845;9.36088;0.11923197635198;0.118622826;9.159444;9.5537675;1.00044258077175;7335.38934519991;6961.12648741554
s2[20;1];9.370930645;9.371815;0.118696252103918;0.120409359;9.1760785;9.5639805;1.00125116414342;6511.80552455243;6870.04441937296
s2[21;1];9.37280244375;9.37232;0.118931817203739;0.119971992;9.1749495;9.5710205;0.999944872361363;6765.51749574637;6888.01966197182
s2[1;2];7.658441795;7.658365;0.089741152051745;0.0887632620000001;7.508414;7.8040725;0.999853211508451;7273.24175144609;6877.72560909045
s2[2;2];7.6597512;7.65971;0.0887414895304362;0.0901198410000008;7.514693;7.8068675;1.00014315889654;6841.37117185913;6466.93985759593
s2[3;2];7.6590550875;7.65803;0.0893569834217121;0.0912243780000005;7.512508;7.8046715;1.00038487762794;7259.19195429729;6550.42377191669
s2[4;2];6.548498265;6.54983;0.231940892866454;0.23232342;6.1694325;6.9236835;1.00001173392119;7177.45401264731;6756.38856802031
s2[5;2];6.548181655;6.546355;0.230449886035517;0.23210103;6.1735895;6.9293115;1.00088169594998;6773.12827337756;6379.48649688012
s2[6;2];6.556766955;6.55735;0.228729712708499;0.226726605;6.167899;6.9304915;1.00006029222931;7239.77400820855;6359.78262293985
s2[7;2];8.227877255;8.22713;0.419261849214624;0.424231164000002;7.539175;8.9229425;1.00018111216159;6522.1237681932;6329.81493555586
s2[8;2];8.19710573875;8.19795;0.417607821360199;0.424268229000001;7.510824;8.8793545;1.00052288660838;6784.99647109175;6506.74137155955
s2[9;2];8.24740741125;8.242105;0.425673801993497;0.434765037;7.555009;8.943407;1.00021344854249;6800.81483340717;6720.29471395795
s2[10;2];6.4516943275;6.450845;0.0501825074956908;0.050052576;6.3689455;6.5341115;1.00107850223175;7061.78815156251;6687.7406684513
s2[11;2];6.450324915;6.450405;0.0497724948048384;0.0508457670000003;6.36723;6.5312225;1.00070453357107;7001.73876538968;6307.85007378935
s2[12;2];6.44992848375;6.45009;0.0495660618387144;0.0496300350000002;6.3684385;6.52968;0.999975611670377;7315.06851587322;6973.7551899976
s2[13;2];5.8850277975;5.884705;0.211575604814906;0.208490625;5.533715;6.235242;1.00077414414708;7360.42114498475;6714.44273545298
s2[14;2];5.88235875625;5.884575;0.206108168311438;0.207111807;5.544967;6.2208845;1.00081536213493;7201.88525893001;6523.415281392
s2[15;2];5.8731908;5.873955;0.207734190465715;0.21030681;5.5299735;6.2136325;1.00047270074006;6820.08844806001;7071.21361795189
s2[16;2];5.26431809625;5.26627;0.38473541175946;0.385816997999999;4.619067;5.899212;0.999998987258712;7372.76633816011;6422.23770049756
s2[17;2];5.31134410125;5.31299;0.383471342453485;0.383926683;4.68306;5.941991;1.00063241588734;6720.61493234434;6614.81384093412
s2[18;2];5.2812633525;5.28528;0.380491171387358;0.384601266;4.649895;5.898942;1.00002423699017;6846.9717173855;6555.6753235199
s2[19;2];10.27768427375;10.2754;0.510218328643124;0.51987369;9.4522125;11.118655;0.999999913179131;7531.58194581968;7130.33989072581
s2[20;2];10.3480859625;10.3433;0.514968008315125;0.519443735999999;9.5066755;11.19411;0.999903012991601;6962.86406512848;6012.56111753565
s2[21;2];10.35908658375;10.36365;0.510700493110663;0.503120309999999;9.5178605;11.21501;1.00063342377304;7128.02318069345;6907.45742484715
s2[1;3];9.46929404875;9.47064;0.211487964150723;0.209691531000001;9.124123;9.8181665;1.00055577931089;7258.29692325071;6757.35747831631
s2[2;3];9.47227185875;9.47257;0.210124647984105;0.212160059999999;9.1278445;9.8228065;0.999916329372888;7284.87243004709;6872.26374245407
s2[3;3];9.46053086625;9.45969;0.206602270007637;0.206518767000001;9.1267265;9.7971465;1.00114624814779;7352.51139526882;7107.19554503525
s2[4;3];8.6216013375;8.62194;0.132188830112124;0.131855031;8.404399;8.840026;0.999935677013312;7262.54804264415;7092.93966613652
s2[5;3];8.62938252125;8.62973;0.130405437307137;0.133841714999998;8.416093;8.8425745;1.00066227012674;7261.08107048624;6144.18862450582
s2[6;3];8.6339683875;8.634;0.127685773011047;0.129453219;8.4239135;8.844035;0.999969121268807;6983.57888530028;6906.58854561431
s2[7;3];10.42199586125;10.4164;0.269515907630916;0.266868;9.978968;10.8692;1.00012035954393;7108.00876633018;6452.10012218939
s2[8;3];10.39948672375;10.39915;0.266830471599151;0.27020385;9.9559515;10.83881;1.00087023999449;7014.85417865509;6815.8076223417
s2[9;3];10.42874065875;10.4289;0.275776781319454;0.275096429999999;9.969969;10.88312;1.00024253280573;7054.45577763741;6355.00377317351
s2[10;3];6.12154897125;6.116625;0.501965629324117;0.505722273;5.299217;6.958932;1.00002146924441;7116.03383928187;6640.92648988511
s2[11;3];6.02048296875;6.0187;0.515358385732703;0.507382785;5.1726615;6.8789385;0.999962119922014;7046.54474406544;6357.51992330869
s2[12;3];6.015161085;6.02251;0.504947595139661;0.503809719000001;5.1793955;6.8435395;1.00002059455915;6529.19503852193;6970.86239758771
s2[13;3];7.36173259875;7.362985;0.389282102106701;0.385186893;6.720579;8.0033665;1.0008300010476;6647.95188566278;6818.66825149845
s2[14;3];7.3544343775;7.351305;0.387950003292073;0.381413676;6.71864;7.991076;0.999869141809335;6973.05284397946;6185.20041311287
s2[15;3];7.3541546525;7.351785;0.3874351814495;0.388559808;6.715751;7.99283;0.999837966972831;7091.07974865464;6918.84133695857
s2[16;3];8.7056825775;8.704945;0.27241457951397;0.274481151000001;8.2583685;9.1525105;1.00002751705057;6599.71331834516;6143.38364412408
s2[17;3];8.7115121075;8.715375;0.27046572010858;0.271145301000001;8.265079;9.161365;0.999748658816452;6962.13282952374;6526.88566024178
s2[18;3];8.70895550625;8.710315;0.269832127839969;0.271575255;8.258402;9.1490995;1.00016305657221;6866.41558393659;6991.28811149121
s2[19;3];11.341451225;11.3384;0.31774151304502;0.318907259999999;10.8194;11.85491;1.00030602371913;7247.14778847084;6820.98565011468
s2[20;3];11.3447575575;11.3443;0.32068597971159;0.316757490000002;10.81769;11.866345;1.00005181004418;7349.867930024;6726.66155993976
s2[21;3];11.34164219125;11.3413;0.323917130285159;0.32528244;10.80658;11.87962;1.00053475837572;7046.39507118374;6629.75505800344
y_fit[1;1];-19.3060455875;-19.3059;0.0519228843697074;0.0480362400000013;-19.390705;-19.221895;1.00048765995817;6708.50156279242;6455.95298056834
y_fit[2;1];-19.3059201;-19.30575;0.0519096853238276;0.0481103699999959;-19.3906;-19.221695;1.00049535220483;6708.16161480067;6467.13051230076
y_fit[3;1];-19.3056595875;-19.30545;0.0518838645197573;0.0480362400000013;-19.3903;-19.2215;1.00048904979089;6706.23250064589;6522.83944191537
y_fit[4;1];-19.1167089;-19.1247;0.313587370218628;0.31542315;-19.621415;-18.58249;0.999997337457159;7533.16462990939;6962.43236725792
y_fit[5;1];-19.116773125;-19.12475;0.31356598969989;0.31542315;-19.62142;-18.58259;0.99999753031482;7533.13718551308;6962.43236725792
y_fit[6;1];-19.1168387375;-19.1248;0.313546385854895;0.31534902;-19.621515;-18.582785;0.999997458505946;7533.12330688335;6962.43236725792
y_fit[7;1];-19.1923435;-19.19685;0.255503368718846;0.253376339999999;-19.60773;-18.765895;1.00028737478432;7209.03277988767;7077.82725768682
y_fit[8;1];-19.19232975;-19.19685;0.255504838712035;0.253376340000002;-19.607735;-18.765895;1.0002873948625;7209.08648318131;7077.82725768682
y_fit[9;1];-19.19232505;-19.19685;0.255505154410804;0.253376340000002;-19.607735;-18.765895;1.00028619074544;7209.05213589043;7077.82725768682
y_fit[10;1];-19.2363644875;-19.23815;0.229880896582206;0.227949750000003;-19.60741;-18.85396;1.00062116629972;6867.61841565215;6655.68547416282
y_fit[11;1];-19.2363670375;-19.23815;0.229879855284683;0.227949750000003;-19.60741;-18.85396;1.00062131867569;6867.5972408327;6655.68547416282
y_fit[12;1];-19.2363751875;-19.2382;0.229876286176844;0.228023880000001;-19.60741;-18.85396;1.00061826095352;6867.41786917417;6655.68547416282
y_fit[13;1];-19.4012300375;-19.40515;0.202828250581379;0.202671419999999;-19.729415;-19.06248;1.00043475905409;6875.75867008643;7030.55285260825
y_fit[14;1];-19.4012928125;-19.4052;0.202819931374262;0.202671419999999;-19.72942;-19.06258;1.00043815908433;6875.61291906044;7030.55285260825
y_fit[15;1];-19.40136185;-19.40525;0.202810635399888;0.202671420000002;-19.72952;-19.062675;1.00043645043118;6875.77618141086;7030.55285260825
y_fit[16;1];-19.9796538125;-19.97945;0.144417408633635;0.14596197;-20.2172;-19.742685;0.999932452788849;6885.63463082039;7213.9808851136
y_fit[17;1];-19.97966305;-19.97945;0.144416998578361;0.14596197;-20.2172;-19.742685;0.999932481201045;6885.58108952561;7213.9808851136
y_fit[18;1];-19.9796899875;-19.9795;0.144415985197614;0.146036100000002;-20.2172;-19.742685;0.999932197626049;6885.73469301169;7213.9808851136
y_fit[19;1];-19.4107978625;-19.37565;0.219750445947199;0.228765180000001;-19.812505;-19.1051;0.99982279933173;5536.04668369653;7191.53423139582
y_fit[20;1];-19.41078325;-19.37565;0.219752073804049;0.228765180000001;-19.81241;-19.1051;0.999821942686571;5536.18571070051;7191.53423139582
y_fit[21;1];-19.4106;-19.37545;0.219767931715426;0.228839310000001;-19.81231;-19.1049;0.999822170548868;5536.03675271524;7191.53423139582
y_fit[1;2];6.78059072875;6.784425;0.378515973906478;0.351984065999999;6.165167;7.394296;1.00029208394064;6355.17757102242;6357.14755178973
y_fit[2;2];6.7808306825;6.784665;0.378461095950433;0.351924762;6.165516;7.3944555;1.00029093939666;6355.09064506514;6357.14755178973
y_fit[3;2];6.781325425;6.78516;0.378348093515552;0.351806154;6.166224;7.394793;1.00029086478986;6354.98245044835;6357.14755178973
y_fit[4;2];9.61078266375;9.67126;0.236397721508021;0.189187173;9.1330005;9.892162;0.999866930112224;7143.7321068793;7249.66080576438
y_fit[5;2];9.61111083125;9.67166;0.236414039732721;0.189142695;9.1333065;9.892483;0.999867022776001;7143.96110158891;7249.66080576438
y_fit[6;2];9.6114458025;9.67204;0.236430717719147;0.189075978;9.1336225;9.892814;0.999866941409287;7144.43136849443;7249.66080576438
y_fit[7;2];10.1245031475;10.1689;0.202754886355264;0.18873498;9.729766;10.3679;0.999955356893843;6985.08708278361;7085.5861326769
y_fit[8;2];10.1244661375;10.1689;0.202748790434022;0.18873498;9.729756;10.367805;0.999955272053738;6984.65898793477;7097.48398306771
y_fit[9;2];10.1244522825;10.16885;0.202746167448529;0.18873498;9.7297555;10.3678;0.999955314503237;6984.77876307603;7085.5861326769
y_fit[10;2];9.7595867825;9.78424;0.171860381164477;0.168364056000001;9.444889;9.9955895;1.00019178302047;6745.1658320606;7091.08135343541
y_fit[11;2];9.7595765475;9.78423;0.171860841839481;0.168371469000001;9.4448695;9.9955795;1.00019176945039;6745.08194338763;7091.08135343541
y_fit[12;2];9.75954331375;9.784195;0.171861489552068;0.168386295;9.44482;9.9955505;1.00019191794682;6745.12249959747;7091.08135343541
y_fit[13;2];9.67020714625;9.68692;0.182746149574052;0.179698533000001;9.343679;9.940233;1.00041293607914;6816.16539679022;7190.30872907443
y_fit[14;2];9.67019592;9.6869;0.182749375409754;0.179713359000002;9.343698;9.940234;1.00041297518272;6816.51100570571;7190.30872907443
y_fit[15;2];9.67018357625;9.68688;0.182753311227714;0.179728185000001;9.3437265;9.9402255;1.00041292820075;6816.40208283882;7190.30872907443
y_fit[16;2];9.46906634;9.45456;0.31360353015411;0.297691253999998;8.9812495;10.01073;0.999907008313878;5902.54826221823;5809.82149174217
y_fit[17;2];9.46906168125;9.454555;0.313607905791105;0.297698667;8.9812395;10.01073;0.999906938929104;5902.56672438542;5809.82149174217
y_fit[18;2];9.46904705375;9.45452;0.313620813493682;0.297757971000002;8.9812095;10.01073;0.999906853483852;5902.53557036107;5809.82149174217
y_fit[19;2];9.42083859125;9.427155;0.350629406817003;0.352725366;8.8345685;9.9950325;0.999876029220723;5275.7604283954;6000.27999723424
y_fit[20;2];9.42084150625;9.42716;0.350625154052409;0.352717952999999;8.834579;9.9950225;0.999876022525427;5275.77357060881;6000.27999723424
y_fit[21;2];9.42087947;9.427185;0.350572150273681;0.352673475;8.83469;9.994983;0.999876017507625;5275.75593929866;6000.27999723424
f_fit[1;1];1.55946693773375;1.45376;0.719869031795667;0.726496239;0.56693975;2.892943;0.99991540603766;7174.42913396103;7462.54365924477
f_fit[2;1];1.55944204302875;1.453735;0.719828630373317;0.726451761;0.56698395;2.8928805;0.99991530900038;7174.46910673318;7462.54365924477
f_fit[3;1];1.55939053587125;1.45369;0.719745215045645;0.726347979;0.5670752;2.892736;0.999915384271766;7174.473471595;7462.54365924477
f_fit[4;1];1.282693204;1.204735;0.39195113705681;0.373259376;0.7817683;2.0389505;1.000095325732;7074.41476562693;7249.80364909083
f_fit[5;1];1.282655547625;1.204705;0.391919728225891;0.373237137;0.781804;2.0388135;1.00009659093456;7074.377110291;7249.80364909083
f_fit[6;1];1.282616434875;1.20468;0.391887162248032;0.3732111915;0.7818408;2.038667;1.00009800140454;7074.16175732413;7249.80364909083
f_fit[7;1];1.0589525615;1.022635;0.244481322626097;0.2234663676;0.7260762;1.522415;1.00020562429667;6668.7706639143;7280.48538904238
f_fit[8;1];1.05893181625;1.022625;0.244470401864231;0.2234886066;0.7260601;1.5223655;1.00020563095645;6668.87587573947;7280.48538904238
f_fit[9;1];1.058924479;1.02262;0.244466500259877;0.223479711;0.72605535;1.522346;1.00020565290468;6668.84558132204;7280.48538904238
f_fit[10;1];0.936460374125;0.919614;0.185536469795345;0.1732833228;0.66843915;1.2547315;1.00071819656929;6547.32579516167;6977.16500842838
f_fit[11;1];0.936458149;0.919606;0.185535467457963;0.1732914771;0.668445;1.2547225;1.00071829598537;6547.31531894422;6977.16500842838
f_fit[12;1];0.936450831625;0.919611;0.185532231153644;0.1732773924;0.66846345;1.254714;1.00071827246974;6547.23266192402;6977.16500842838
f_fit[13;1];0.96334513075;0.9549365;0.198337548691008;0.1716027957;0.66602565;1.2693475;1.00019379428526;6018.68681862908;5471.2342669859
f_fit[14;1];0.963359887625;0.954941;0.198345294097817;0.1715946414;0.6660265;1.269385;1.00019361884734;6018.5412387083;5471.2342669859
f_fit[15;1];0.963376096;0.9549465;0.198353855360463;0.1716020544;0.6660346;1.2694315;1.00019344433869;6018.62771209223;5471.2342669859
f_fit[16;1];1.18776479682375;1.21809;0.360323577434958;0.317328291;0.56606765;1.708008;1.00004300084912;5189.12616187361;6150.49409227559
f_fit[17;1];1.18776870369125;1.218095;0.360326933922791;0.317328291;0.56606655;1.708018;1.0000438931443;5189.13138978214;6150.49409227559
f_fit[18;1];1.18778094625;1.21812;0.360337434744367;0.317343117;0.56606235;1.7080475;1.00004388560663;5189.09230527137;6150.49409227559
f_fit[19;1];1.65801204054788;1.77494;0.821137144145394;0.707318808;0.10188075;2.7951895;1.00028254375621;5647.32386589782;6813.97806129943
f_fit[20;1];1.65801734110513;1.77495;0.821142764110746;0.707318808;0.1018729;2.795209;1.00028253461343;5647.32961924005;6813.97806129943
f_fit[21;1];1.65808387419688;1.775025;0.821213600190119;0.707430003;0.10178445;2.7954375;1.00028251120449;5647.36502857433;6813.97806129943
f_fit[1;2];-1.70474218872937;-1.55513;1.48825879457341;1.515054114;-4.3303775;0.468356299999999;0.99985324070623;6904.19251623974;6915.06853225428
f_fit[2;2];-1.704716863293;-1.555175;1.48818822870652;1.514942919;-4.330168;0.468317499999999;0.999853320807209;6904.20220121837;6915.06853225428
f_fit[3;2];-1.70466470142725;-1.55527;1.48804263672117;1.514713116;-4.32973;0.468238499999999;0.999853403332462;6904.00432480806;6915.06853225428
f_fit[4;2];-1.3622659285365;-1.238595;0.872965629836309;0.8662031196;-2.9627585;-0.152174700000001;0.999909388007007;6701.57892587582;7249.87858590312
f_fit[5;2];-1.36220882978975;-1.238525;0.872901061699796;0.8660785812;-2.962551;-0.152302800000001;0.999909516767214;6701.51500654063;7249.87858590312
f_fit[6;2];-1.36214956521075;-1.238465;0.872834038341742;0.8659518189;-2.962334;-0.152438300000001;0.999910468002301;6701.54855389249;7249.87858590312
f_fit[7;2];-0.926221987585875;-0.866306;0.55541193506891;0.5249034105;-1.942153;-0.128386550000001;1.00008112315014;6695.80944202679;7285.09224359721
f_fit[8;2];-0.926167168625875;-0.8662145;0.555387470893516;0.5248307631;-1.9420615;-0.128372550000001;1.00008118110296;6695.73166022797;7285.09224359721
f_fit[9;2];-0.92614777050575;-0.866182;0.555378791443915;0.5247899916;-1.9420305;-0.128367850000001;1.00008126969117;6695.71024653125;7285.09224359721
f_fit[10;2];-0.4100121160735;-0.3804885;0.415378575597829;0.3758487369;-1.1045425;0.21605735;1.00014332780339;6973.06202009506;6785.55178182091
f_fit[11;2];-0.409989622250311;-0.380455;0.415375582735012;0.3758450304;-1.104512;0.2160748;1.00014338812819;6973.02646359208;6785.55178182091
f_fit[12;2];-0.409917328167675;-0.3803475;0.415365948256222;0.3758324283;-1.1044305;0.2161312;1.00014335314686;6972.99834913484;6817.10023576058
f_fit[13;2];0.17302212993525;0.2115125;0.413502551941709;0.32909605785;-0.4776116;0.7291495;0.999885643589735;6537.52895054421;6135.95485345997
f_fit[14;2];0.173098961617125;0.211572;0.413512953001372;0.32913089895;-0.47758025;0.72923545;0.999885529664492;6537.58157314641;6135.95485345997
f_fit[15;2];0.17318322057525;0.2116485;0.413524351918881;0.32917382022;-0.4775471;0.7293007;0.999885392627289;6537.60775220074;6135.95485345997
f_fit[16;2];0.80967399580675;0.878243;0.6204289375294;0.502490205;-0.1983011;1.6427325;0.999949705857148;5722.65652981391;5704.83544357248
f_fit[17;2];0.8096816390495;0.878252;0.620433025066928;0.5024798268;-0.198301;1.6427425;0.999949681351753;5722.57536959433;5704.83544357248
f_fit[18;2];0.809705484333375;0.87828;0.620445742277805;0.5024390553;-0.19829975;1.6427915;0.999949677970734;5722.52803045117;5704.83544357248
f_fit[19;2];1.48673074992175;1.50478;1.15654911358918;1.0486689255;-0.354717;3.293791;1.00005713259461;5561.13405367438;6155.20406602016
f_fit[20;2];1.48673669718862;1.504785;1.1565554637813;1.0486704081;-0.35472135;3.293811;1.00005712006712;5561.15115732777;6155.20406602016
f_fit[21;2];1.48681240935913;1.504855;1.15663626904428;1.0486919058;-0.3547767;3.294034;1.00005715553171;5561.18468488585;6155.20406602016
f_fit[1;3];0.145275240448625;0.132847;0.852207667452916;0.8371804833;-1.2348005;1.5460945;0.999823748841723;6912.60727380438;7027.24048414986
f_fit[2;3];0.14527488976775;0.1328715;0.852164972715694;0.8371182141;-1.234723;1.546043;0.999823718716906;6912.53732272001;6994.79981540226
f_fit[3;3];0.145274156041875;0.132922;0.852076900412236;0.8369899692;-1.2345595;1.545931;0.999823727577749;6912.4733402259;6994.79981540226
f_fit[4;3];0.07957273242045;0.0450213;0.501386074164824;0.4976287596;-0.66685745;0.9455626;1.00013182026637;6589.9112855495;7338.69348682531
f_fit[5;3];0.0795532772870625;0.04499995;0.501351538091021;0.4975590774;-0.6667976;0.94552135;1.00013159493158;6589.87851072862;7338.69348682531
f_fit[6;3];0.0795331068305;0.0449862;0.501315705077682;0.4974879126;-0.66673575;0.9454781;1.00013456833031;6589.5649828338;7338.69348682531
f_fit[7;3];-0.132730572537713;-0.1482865;0.334105243744393;0.3145721376;-0.6448758;0.441154849999998;1.00000022668024;6745.69485773617;7320.71957170486
f_fit[8;3];-0.132764660334187;-0.148325;0.334092506600068;0.314526177;-0.64490755;0.441077149999998;1.00000197095664;6745.67730557615;7320.71957170486
f_fit[9;3];-0.13277669958585;-0.148339;0.334087994562219;0.3145083858;-0.64491815;0.441049899999998;1.00000224992954;6745.49818994475;7320.71957170486
f_fit[10;3];-0.52644829376075;-0.5251125;0.274597295169141;0.2496060882;-0.95880555;-0.088774395;0.999964028221806;7385.8915277355;6431.97597385037
f_fit[11;3];-0.526468519455375;-0.5251325;0.274597113581167;0.2496112773;-0.95882085;-0.0888100100000001;0.999964205022233;7385.92594862525;6431.97597385037
f_fit[12;3];-0.526533510735625;-0.5251965;0.27459659122461;0.2496261033;-0.95886695;-0.0889243500000001;0.999965257098988;7385.77164417611;6431.97597385037
f_fit[13;3];-1.13636723432375;-1.13361;0.328692096185856;0.2886333093;-1.65774;-0.651198;0.999792004665827;7396.38229853219;6295.53164133603
f_fit[14;3];-1.13645888024625;-1.133685;0.328706224155335;0.2886370158;-1.6578505;-0.6513031;0.999791968769682;7396.87746620534;6295.53164133603
f_fit[15;3];-1.13655939449875;-1.133765;0.328721685103018;0.2886140355;-1.6579705;-0.65135815;0.99979195496304;7396.78366597306;6295.53164133603
f_fit[16;3];-1.99743882244863;-1.972685;0.51467165945303;0.459124155;-2.852926;-1.232439;0.999876041065743;6904.27400092178;6388.76663381938
f_fit[17;3];-1.997450358641;-1.9727;0.514674858204896;0.459138981;-2.8529365;-1.2324485;0.999876014029097;6904.28762915883;6388.76663381938
f_fit[18;3];-1.99748648772013;-1.97274;0.514684959612557;0.459168633;-2.852978;-1.2324675;0.999875992386533;6904.21216632601;6388.76663381938
f_fit[19;3];-3.1447427495125;-3.091095;0.934079392633561;0.892695699;-4.7458375;-1.744859;0.999721555166187;6789.32163101949;6074.33935618543
f_fit[20;3];-3.1447539589;-3.0911;0.934084431885614;0.892695699;-4.745858;-1.744859;0.999721872235637;6789.32682791039;6074.33935618543
f_fit[21;3];-3.1448962036875;-3.091225;0.934148443255275;0.892762416;-4.746198;-1.7448705;0.999722441831784;6789.33103885471;6074.33935618543
p_fit[1;1];0.710700341;0.730349;0.119469295439333;0.1047227097;0.4799551;0.86695505;1.0000239866306;7031.71799360428;7183.62427621779
p_fit[2;1];0.71070194075;0.730348;0.1194585377898;0.1047152967;0.47998545;0.86694115;1.00002409636557;7031.73327026149;7183.62427621779
p_fit[3;1];0.710705242125;0.7303465;0.119436370804874;0.1046893512;0.4800481;0.8669143;1.00002410993305;7031.91435641588;7183.62427621779
p_fit[4;1];0.700596293625;0.707256;0.0498296191026873;0.0455269394999998;0.60896045;0.770773;0.999956264286255;7544.40454651793;7295.5092183624
p_fit[5;1];0.70059253475;0.707252;0.0498265953360943;0.0455180439;0.6089612;0.77077825;0.999956343319928;7544.3962229286;7295.5092183624
p_fit[6;1];0.700588634;0.7072415;0.0498234548642592;0.045500994;0.60896195;0.77078385;0.999956140253889;7544.32423152602;7295.5092183624
p_fit[7;1];0.67589946525;0.680842;0.0475435579374084;0.0450895724999999;0.59112975;0.74548035;1.00020483871127;6763.74268843889;7426.50166029106
p_fit[8;1];0.6758970655;0.680838;0.0475444638614576;0.0450925377000001;0.59111715;0.745484;1.00020491175552;6763.70862513343;7421.51866082808
p_fit[9;1];0.675896223625;0.6808365;0.0475447805690755;0.045093279;0.59111325;0.74548215;1.0002049238323;6763.67635706723;7426.43190709301
p_fit[10;1];0.655932909125;0.6606735;0.0614606425890549;0.0614300484000001;0.54689165;0.74775565;1.00064274788629;6605.58598504079;7101.28089745938
p_fit[11;1];0.655931971625;0.6606725;0.0614613525561578;0.0614278245;0.54689065;0.7477528;1.00064282641331;6605.53567515463;7101.28089745938
p_fit[12;1];0.65592892425;0.660669;0.0614636099945281;0.0614211528;0.54688185;0.74774325;1.00064265149588;6605.62055476815;7101.28089745938
p_fit[13;1];0.620160992875;0.620135;0.0811230626819229;0.0786156063;0.486464;0.7534102;1.00017395571735;6302.56712887793;5554.81477220294
p_fit[14;1];0.62015457775;0.6201305;0.0811270334675709;0.0786185715;0.48646345;0.75340865;1.00017389763131;6302.11221128985;5554.81477220294
p_fit[15;1];0.620147538625;0.620126;0.0811313860143754;0.0786356214;0.48646225;0.75340795;1.00017372730045;6302.17533600074;5554.81477220294
p_fit[16;1];0.5606713359375;0.5709065;0.157835293561972;0.1591741599;0.28389955;0.8066481;0.999916095992417;5149.28129371101;5903.50009661237
p_fit[17;1];0.5606706849375;0.5709055;0.157836693731054;0.1591771251;0.28389455;0.80664815;0.999916106229638;5149.27858265033;5903.50009661237
p_fit[18;1];0.5606686797375;0.570901;0.15784105639064;0.159186762;0.2838778;0.8066492;0.99991618913895;5149.25339822336;5903.50009661237
p_fit[19;1];0.53380706067375;0.581185;0.283334202491118;0.3381061887;0.047956175;0.92514685;1.00015546237166;5332.58247894468;6283.52046059643
p_fit[20;1];0.53380709559125;0.581185;0.283335202496639;0.3381084126;0.047955265;0.9251488;1.00015546411981;5332.57765613709;6283.52046059643
p_fit[21;1];0.53380744980375;0.581188;0.283347801299882;0.3381350994;0.047942995;0.9251657;1.00015546073216;5332.54744149356;6283.52046059643
p_fit[1;2];0.0995221823638787;0.0373127;0.139556235432797;0.052167030468;0.00059511285;0.410643949999999;0.999870084533485;6948.94583027361;6798.41460471188
p_fit[2;2];0.0995183386146775;0.03731365;0.139546680955919;0.052168194309;0.0005952397;0.410625699999999;0.999870115086405;6949.00866736628;6798.41460471188
p_fit[3;2];0.0995104315499037;0.03731575;0.139527002695551;0.052170796272;0.00059550045;0.410587249999999;0.999870081400469;6949.06785184056;6798.41460471188
p_fit[4;2];0.084309295231625;0.06243415;0.0762670174114281;0.06597110394;0.0050925755;0.23752535;0.999880563868516;6755.78092826;7249.82238306417
p_fit[5;2];0.08431080059325;0.06243405;0.0762634644330432;0.06596873178;0.005094015;0.2375275;0.999881248604245;6755.70958964351;7249.82238306417
p_fit[6;2];0.084312369681375;0.0624341;0.0762597764282789;0.06596650788;0.0050955055;0.2375306;0.999880467275047;6755.62301548301;7249.82238306417
p_fit[7;2];0.115481794948375;0.1039025;0.0704874611615812;0.06866254185;0.023104515;0.24735055;1.00010281487211;6693.97974933013;7151.04964990709
p_fit[8;2];0.1154877403365;0.103906;0.0704881938188955;0.06866298663;0.023107095;0.24735035;1.00010285097313;6693.93697916311;7151.04964990709
p_fit[9;2];0.11548983658425;0.1039075;0.0704884549543059;0.0686614299;0.023108025;0.24734965;1.00010288603571;6693.89543367088;7151.04964990709
p_fit[10;2];0.188801851407875;0.181064;0.0809484166355596;0.0796956804;0.071531405;0.33656805;1.00028119471573;6862.4952812629;6709.5896620801
p_fit[11;2];0.188805715655375;0.181068;0.0809489005599675;0.0796927152;0.071536195;0.33657395;1.00028114316497;6862.5341828895;6709.5896620801
p_fit[12;2];0.1888181043255;0.1810805;0.0809504555819637;0.0796875261;0.071551565;0.33659165;1.00028130085111;6862.40232821466;6709.5896620801
p_fit[13;2];0.299429915292625;0.3002675;0.0952424278660492;0.090964923;0.1426027;0.45433885;0.999976869338252;6511.81698074533;5874.9827989032
p_fit[14;2];0.2994451396205;0.3002885;0.0952456692415138;0.0909671468999999;0.1426059;0.4543463;0.999976825662764;6511.48519918531;5874.9827989032
p_fit[15;2];0.2994618225175;0.3003115;0.0952492267769542;0.0909708534;0.1426092;0.4543558;0.999976962813705;6511.32838409308;5874.9827989032
p_fit[16;2];0.4124792567555;0.4065985;0.165309979229635;0.1656649827;0.14670355;0.69480645;0.999925170375226;5206.78733662603;5636.41379878471
p_fit[17;2];0.412480315834163;0.406598;0.165311307049802;0.165665724;0.14670355;0.6948105;0.999925190293298;5206.76465433072;5636.41379878471
p_fit[18;2];0.412483595226262;0.406596;0.165315465308007;0.1656672066;0.14670265;0.69482455;0.999925231112255;5206.8062981395;5636.41379878471
p_fit[19;2];0.459717694913706;0.414101;0.286094857777595;0.3417645042;0.061549935;0.94961755;1.00016879823337;5297.11705952696;6333.43948853574
p_fit[20;2];0.459717750163801;0.414099;0.286095835860805;0.3417645042;0.06154854;0.94961855;1.00016877461705;5297.14571923391;6333.43948853574
p_fit[21;2];0.459718399384341;0.4140745;0.286108062269407;0.3417607977;0.06153108;0.94963085;1.00016880673595;5297.1970921047;6333.43948853574
p_fit[1;3];0.18977748319875;0.186676;0.0786033465649254;0.0811478871;0.06503006;0.32349875;1.00006968929398;7187.79582421254;7089.24805930432
p_fit[2;3];0.18977971924375;0.1866775;0.0785975439012198;0.081142698;0.065037015;0.32348795;1.00006929768527;7187.89045597493;7089.24805930432
p_fit[3;3];0.1897843324125;0.1866805;0.078585571497325;0.081127872;0.065051425;0.32346625;1.00006841517881;7188.10154693934;7089.24805930432
p_fit[4;3];0.21509441199;0.2190545;0.0438833207398952;0.042639576;0.13649135;0.27894465;0.999987521786439;6684.8809115163;7233.41264219969
p_fit[5;3];0.21509666534;0.219051;0.0438818431426838;0.0426462477;0.1364984;0.27895005;0.999987433783126;6684.92117266871;7233.41264219969
p_fit[6;3];0.21509900498;0.2190455;0.0438803199451921;0.0426536607;0.13650645;0.2789564;0.999987342744044;6684.83362957071;7233.41264219969
p_fit[7;3];0.208618738975;0.211098;0.037958140135718;0.0378411411;0.1432971;0.2670546;1.00010738243405;6931.25674944159;7148.05489404751
p_fit[8;3];0.2086152;0.2110915;0.0379574919347341;0.0378441063;0.1432948;0.2670515;1.00010861882741;6931.36714702989;7148.05489404751
p_fit[9;3];0.2086139417375;0.211089;0.0379572647034446;0.0378448476;0.1432947;0.26705045;1.00010778352749;6931.3736741807;7148.05489404751
p_fit[10;3];0.1552652273875;0.155567;0.0338071020594024;0.0337061697;0.0994223;0.2105804;0.99974980329874;7500.29608557387;7228.43059475602
p_fit[11;3];0.1552623205625;0.155564;0.0338069883346587;0.0337046871;0.099421175;0.21057935;0.999749985543493;7500.32597740787;7228.43059475602
p_fit[12;3];0.1552529719875;0.1555525;0.0338066194343182;0.0337054284;0.09941767;0.21057515;0.999750428515714;7500.46033447468;7228.43059475602
p_fit[13;3];0.08040909118625;0.077896;0.0279679139836588;0.02761112697;0.038907745;0.12988575;0.999784055988043;7514.54811313791;7051.23485269672
p_fit[14;3];0.08040029362125;0.07788565;0.0279666581889233;0.02761127523;0.03890294;0.12987855;0.999783982657175;7514.54225333564;7051.23485269672
p_fit[15;3];0.08039064249375;0.0778762;0.0279652777061337;0.02761172001;0.038897545;0.12987135;0.999784012574585;7514.46377033937;7051.23485269672
p_fit[16;3];0.0268494067225;0.0240426;0.0160207140560164;0.01495172448;0.006605434;0.05771131;0.999797319325316;7028.80001981873;6282.00932784501
p_fit[17;3];0.0268489993725;0.0240421;0.0160205784982869;0.01495172448;0.0066052645;0.05771042;0.999797381218587;7028.76000055316;6282.00932784501
p_fit[18;3];0.026847729051;0.02404065;0.016020156819876;0.01495172448;0.0066047275;0.057707745;0.999797310421255;7028.74656165858;6282.00932784501
p_fit[19;3];0.00647524480122;0.0038305;0.00743617832307362;0.0042313559673;0.0002993112;0.021943185;0.999720915808947;6779.55687385973;6709.08894232136
p_fit[20;3];0.0064751641236425;0.0038304;0.00743613446041972;0.0042312447723;0.00029930115;0.02194308;0.999720918274213;6779.57266065547;6709.08894232136
p_fit[21;3];0.006474145718415;0.00382912;0.00743558457265841;0.004229813322;0.00029917625;0.021942195;0.999720997672098;6779.52354415734;6709.08894232136
s1_mean[1;1];-15.16;-15.16;0;0;-15.16;-15.16;NA;NA;NA
s1_mean[2;1];-15.16;-15.16;0;0;-15.16;-15.16;NA;NA;NA
s1_mean[3;1];-15.16;-15.16;0;0;-15.16;-15.16;NA;NA;NA
s1_mean[4;1];-17.2;-17.2;0;0;-17.2;-17.2;NA;NA;NA
s1_mean[5;1];-17.2;-17.2;0;0;-17.2;-17.2;NA;NA;NA
s1_mean[6;1];-17.2;-17.2;0;0;-17.2;-17.2;NA;NA;NA
s1_mean[7;1];-15.06;-15.06;0;0;-15.06;-15.06;NA;NA;NA
s1_mean[8;1];-15.06;-15.06;0;0;-15.06;-15.06;NA;NA;NA
s1_mean[9;1];-15.06;-15.06;0;0;-15.06;-15.06;NA;NA;NA
s1_mean[10;1];-17.17;-17.17;0;0;-17.17;-17.17;NA;NA;NA
s1_mean[11;1];-17.17;-17.17;0;0;-17.17;-17.17;NA;NA;NA
s1_mean[12;1];-17.17;-17.17;0;0;-17.17;-17.17;NA;NA;NA
s1_mean[13;1];-19.45;-19.45;0;0;-19.45;-19.45;NA;NA;NA
s1_mean[14;1];-19.45;-19.45;0;0;-19.45;-19.45;NA;NA;NA
s1_mean[15;1];-19.45;-19.45;0;0;-19.45;-19.45;NA;NA;NA
s1_mean[16;1];-20.1;-20.1;0;0;-20.1;-20.1;NA;NA;NA
s1_mean[17;1];-20.1;-20.1;0;0;-20.1;-20.1;NA;NA;NA
s1_mean[18;1];-20.1;-20.1;0;0;-20.1;-20.1;NA;NA;NA
s1_mean[19;1];-16.61;-16.61;0;0;-16.61;-16.61;NA;NA;NA
s1_mean[20;1];-16.61;-16.61;0;0;-16.61;-16.61;NA;NA;NA
s1_mean[21;1];-16.61;-16.61;0;0;-16.61;-16.61;NA;NA;NA
s1_mean[1;2];-21.51;-21.51;0;0;-21.51;-21.51;NA;NA;NA
s1_mean[2;2];-21.51;-21.51;0;0;-21.51;-21.51;NA;NA;NA
s1_mean[3;2];-21.51;-21.51;0;0;-21.51;-21.51;NA;NA;NA
s1_mean[4;2];-20.07;-20.07;0;0;-20.07;-20.07;NA;NA;NA
s1_mean[5;2];-20.07;-20.07;0;0;-20.07;-20.07;NA;NA;NA
s1_mean[6;2];-20.07;-20.07;0;0;-20.07;-20.07;NA;NA;NA
s1_mean[7;2];-22.25;-22.25;0;0;-22.25;-22.25;NA;NA;NA
s1_mean[8;2];-22.25;-22.25;0;0;-22.25;-22.25;NA;NA;NA
s1_mean[9;2];-22.25;-22.25;0;0;-22.25;-22.25;NA;NA;NA
s1_mean[10;2];-20;-20;0;0;-20;-20;NA;NA;NA
s1_mean[11;2];-20;-20;0;0;-20;-20;NA;NA;NA
s1_mean[12;2];-20;-20;0;0;-20;-20;NA;NA;NA
s1_mean[13;2];-20.91;-20.91;0;0;-20.91;-20.91;NA;NA;NA
s1_mean[14;2];-20.91;-20.91;0;0;-20.91;-20.91;NA;NA;NA
s1_mean[15;2];-20.91;-20.91;0;0;-20.91;-20.91;NA;NA;NA
s1_mean[16;2];-21.82;-21.82;0;0;-21.82;-21.82;NA;NA;NA
s1_mean[17;2];-21.82;-21.82;0;0;-21.82;-21.82;NA;NA;NA
s1_mean[18;2];-21.82;-21.82;0;0;-21.82;-21.82;NA;NA;NA
s1_mean[19;2];-18.19;-18.19;0;0;-18.19;-18.19;NA;NA;NA
s1_mean[20;2];-18.19;-18.19;0;0;-18.19;-18.19;NA;NA;NA
s1_mean[21;2];-18.19;-18.19;0;0;-18.19;-18.19;NA;NA;NA
s1_mean[1;3];-28.95;-28.95;0;0;-28.95;-28.95;NA;NA;NA
s1_mean[2;3];-28.95;-28.95;0;0;-28.95;-28.95;NA;NA;NA
s1_mean[3;3];-28.95;-28.95;0;0;-28.95;-28.95;NA;NA;NA
s1_mean[4;3];-26.57;-26.57;0;0;-26.57;-26.57;NA;NA;NA
s1_mean[5;3];-26.57;-26.57;0;0;-26.57;-26.57;NA;NA;NA
s1_mean[6;3];-26.57;-26.57;0;0;-26.57;-26.57;NA;NA;NA
s1_mean[7;3];-30.17;-30.17;0;0;-30.17;-30.17;NA;NA;NA
s1_mean[8;3];-30.17;-30.17;0;0;-30.17;-30.17;NA;NA;NA
s1_mean[9;3];-30.17;-30.17;0;0;-30.17;-30.17;NA;NA;NA
s1_mean[10;3];-28.1;-28.1;0;0;-28.1;-28.1;NA;NA;NA
s1_mean[11;3];-28.1;-28.1;0;0;-28.1;-28.1;NA;NA;NA
s1_mean[12;3];-28.1;-28.1;0;0;-28.1;-28.1;NA;NA;NA
s1_mean[13;3];-28.02;-28.02;0;0;-28.02;-28.02;NA;NA;NA
s1_mean[14;3];-28.02;-28.02;0;0;-28.02;-28.02;NA;NA;NA
s1_mean[15;3];-28.02;-28.02;0;0;-28.02;-28.02;NA;NA;NA
s1_mean[16;3];-27.94;-27.94;0;0;-27.94;-27.94;NA;NA;NA
s1_mean[17;3];-27.94;-27.94;0;0;-27.94;-27.94;NA;NA;NA
s1_mean[18;3];-27.94;-27.94;0;0;-27.94;-27.94;NA;NA;NA
s1_mean[19;3];-29.6;-29.6;0;0;-29.6;-29.6;NA;NA;NA
s1_mean[20;3];-29.6;-29.6;0;0;-29.6;-29.6;NA;NA;NA
s1_mean[21;3];-29.6;-29.6;0;0;-29.6;-29.6;NA;NA;NA
s2_mean[1;1];8.34;8.34;0;0;8.34;8.34;NA;NA;NA
s2_mean[2;1];8.34;8.34;0;0;8.34;8.34;NA;NA;NA
s2_mean[3;1];8.34;8.34;0;0;8.34;8.34;NA;NA;NA
s2_mean[4;1];12.76;12.76;0;0;12.76;12.76;NA;NA;NA
s2_mean[5;1];12.76;12.76;0;0;12.76;12.76;NA;NA;NA
s2_mean[6;1];12.76;12.76;0;0;12.76;12.76;NA;NA;NA
s2_mean[7;1];9.75;9.75;0;0;9.75;9.75;NA;NA;NA
s2_mean[8;1];9.75;9.75;0;0;9.75;9.75;NA;NA;NA
s2_mean[9;1];9.75;9.75;0;0;9.75;9.75;NA;NA;NA
s2_mean[10;1];10.62;10.62;0;0;10.62;10.62;NA;NA;NA
s2_mean[11;1];10.62;10.62;0;0;10.62;10.62;NA;NA;NA
s2_mean[12;1];10.62;10.62;0;0;10.62;10.62;NA;NA;NA
s2_mean[13;1];11.47;11.47;0;0;11.47;11.47;NA;NA;NA
s2_mean[14;1];11.47;11.47;0;0;11.47;11.47;NA;NA;NA
s2_mean[15;1];11.47;11.47;0;0;11.47;11.47;NA;NA;NA
s2_mean[16;1];11.59;11.59;0;0;11.59;11.59;NA;NA;NA
s2_mean[17;1];11.59;11.59;0;0;11.59;11.59;NA;NA;NA
s2_mean[18;1];11.59;11.59;0;0;11.59;11.59;NA;NA;NA
s2_mean[19;1];9.37;9.37;0;0;9.37;9.37;NA;NA;NA
s2_mean[20;1];9.37;9.37;0;0;9.37;9.37;NA;NA;NA
s2_mean[21;1];9.37;9.37;0;0;9.37;9.37;NA;NA;NA
s2_mean[1;2];7.66;7.66;0;0;7.66;7.66;NA;NA;NA
s2_mean[2;2];7.66;7.66;0;0;7.66;7.66;NA;NA;NA
s2_mean[3;2];7.66;7.66;0;0;7.66;7.66;NA;NA;NA
s2_mean[4;2];6.55;6.55;0;0;6.55;6.55;NA;NA;NA
s2_mean[5;2];6.55;6.55;0;0;6.55;6.55;NA;NA;NA
s2_mean[6;2];6.55;6.55;0;0;6.55;6.55;NA;NA;NA
s2_mean[7;2];8.2;8.2;0;0;8.2;8.2;NA;NA;NA
s2_mean[8;2];8.2;8.2;0;0;8.2;8.2;NA;NA;NA
s2_mean[9;2];8.2;8.2;0;0;8.2;8.2;NA;NA;NA
s2_mean[10;2];6.45;6.45;0;0;6.45;6.45;NA;NA;NA
s2_mean[11;2];6.45;6.45;0;0;6.45;6.45;NA;NA;NA
s2_mean[12;2];6.45;6.45;0;0;6.45;6.45;NA;NA;NA
s2_mean[13;2];5.88;5.88;0;0;5.88;5.88;NA;NA;NA
s2_mean[14;2];5.88;5.88;0;0;5.88;5.88;NA;NA;NA
s2_mean[15;2];5.88;5.88;0;0;5.88;5.88;NA;NA;NA
s2_mean[16;2];5.31;5.31;0;0;5.31;5.31;NA;NA;NA
s2_mean[17;2];5.31;5.31;0;0;5.31;5.31;NA;NA;NA
s2_mean[18;2];5.31;5.31;0;0;5.31;5.31;NA;NA;NA
s2_mean[19;2];10.35;10.35;0;0;10.35;10.35;NA;NA;NA
s2_mean[20;2];10.35;10.35;0;0;10.35;10.35;NA;NA;NA
s2_mean[21;2];10.35;10.35;0;0;10.35;10.35;NA;NA;NA
s2_mean[1;3];9.47;9.47;0;0;9.47;9.47;NA;NA;NA
s2_mean[2;3];9.47;9.47;0;0;9.47;9.47;NA;NA;NA
s2_mean[3;3];9.47;9.47;0;0;9.47;9.47;NA;NA;NA
s2_mean[4;3];8.63;8.63;0;0;8.63;8.63;NA;NA;NA
s2_mean[5;3];8.63;8.63;0;0;8.63;8.63;NA;NA;NA
s2_mean[6;3];8.63;8.63;0;0;8.63;8.63;NA;NA;NA
s2_mean[7;3];10.4;10.4;0;0;10.4;10.4;NA;NA;NA
s2_mean[8;3];10.4;10.4;0;0;10.4;10.4;NA;NA;NA
s2_mean[9;3];10.4;10.4;0;0;10.4;10.4;NA;NA;NA
s2_mean[10;3];6.01;6.01;0;0;6.01;6.01;NA;NA;NA
s2_mean[11;3];6.01;6.01;0;0;6.01;6.01;NA;NA;NA
s2_mean[12;3];6.01;6.01;0;0;6.01;6.01;NA;NA;NA
s2_mean[13;3];7.36;7.36;0;0;7.36;7.36;NA;NA;NA
s2_mean[14;3];7.36;7.36;0;0;7.36;7.36;NA;NA;NA
s2_mean[15;3];7.36;7.36;0;0;7.36;7.36;NA;NA;NA
s2_mean[16;3];8.71;8.71;0;0;8.71;8.71;NA;NA;NA
s2_mean[17;3];8.71;8.71;0;0;8.71;8.71;NA;NA;NA
s2_mean[18;3];8.71;8.71;0;0;8.71;8.71;NA;NA;NA
s2_mean[19;3];11.34;11.34;0;0;11.34;11.34;NA;NA;NA
s2_mean[20;3];11.34;11.34;0;0;11.34;11.34;NA;NA;NA
s2_mean[21;3];11.34;11.34;0;0;11.34;11.34;NA;NA;NA
