"observation","mean_1]","mean_2]","median_1]","median_2]","sd_1]","sd_2]","mad_1]","mad_2]","q5_1]","q5_2]","q95_1]","q95_2]","time"
"y_fit[1",-11.558093732875,10.294761624175,-11.559421,10.2955295,0.5342037920018,0.266774414579204,0.551735505300001,0.265947305399999,-12.42489525,9.85820109,-10.6894329,10.73215605,1.00287973394152
"y_fit[2",-11.5582611123,10.294775497425,-11.5594915,10.2955505,0.534193165983456,0.266769702869928,0.551771829,0.265934703299999,-12.42500325,9.858209625,-10.68964885,10.7322037,1.00316237765364
"y_fit[3",-11.558627090475,10.294805916675,-11.5596415,10.295596,0.534169864756305,0.266759383187323,0.552079468500001,0.2658709515,-12.42537835,9.85822908,-10.689837,10.73230885,1.0037807872612
"y_fit[4",-11.560316545675,10.294946666375,-11.5610345,10.2956175,0.534062446721095,0.266711000054805,0.5525672439,0.265779030299999,-12.4271172,9.858222685,-10.69072295,10.73278305,1.00664064052049
"y_fit[5",-11.562967601025,10.295168807225,-11.564105,10.2961165,0.533896269927721,0.26663281433068,0.5522885151,0.265526247,-12.42988115,9.85850354,-10.6929229,10.7330418,1.01114879112225
"y_fit[6",-11.56329605165,10.295196456775,-11.5646575,10.296192,0.533875931118671,0.266623372525339,0.552325580100001,0.265542555599999,-12.43022695,9.85853583,-10.6932829,10.73305695,1.01170936466195
"y_fit[7",-11.56360862725,10.295222749925,-11.5651835,10.2962645,0.533856627476851,0.266614439114686,0.552239589300001,0.265483992899999,-12.43055785,9.858567295,-10.6936251,10.733073,1.01224349248223
"y_fit[8",-11.563958776575,10.295252221175,-11.5655425,10.296346,0.533835147678019,0.266604422635524,0.552288515100002,0.265548485999999,-12.43092915,9.858603455,-10.69400875,10.73309385,1.01284241826739
"y_fit[9",-11.567552046375,10.295555899275,-11.5688715,10.2962995,0.53361729556097,0.266504650220385,0.553443460500001,0.2649354309,-12.4356796,9.859668705,-10.69669695,10.73370985,1.01901789620519
"y_fit[10",-16.1495336115,11.61457662975,-16.1498355,11.615037,0.298571532600131,0.142886094566822,0.295006265400001,0.141440781299998,-16.6366411,11.37847405,-15.6480679,11.8455859,93.0001748972852
"y_fit[11",-16.14954209475,11.61457560125,-16.149847,11.6150435,0.298571438484316,0.142885852499512,0.295013678400002,0.141427437900001,-16.63664245,11.37847105,-15.64806775,11.84556705,93.0002919206303
"y_fit[12",-16.14960541225,11.6145677625,-16.1499915,11.615091,0.298570632895005,0.142884020236076,0.295079654099998,0.141325138500001,-16.63665785,11.378449,-15.6480727,11.8454254,93.0011481707497
"y_fit[13",-16.1496455985,11.61456273725,-16.150083,11.6151215,0.298570073673029,0.142882839551541,0.295108564800003,0.1412776953,-16.6366674,11.378435,-15.64807535,11.8453375,93.0016762870131
"y_fit[14",-16.14972388575,11.614552849,-16.1502585,11.6151655,0.298568862081644,0.142880565344393,0.295052226000001,0.141289556099999,-16.63668825,11.3784089,-15.64808255,11.8451692,93.0026743002376
"y_fit[15",-16.149741345,11.61455059125,-16.1502905,11.61517,0.298568588700306,0.142880043561892,0.295035176099999,0.141288073499999,-16.6366929,11.37840285,-15.6480838,11.84513135,93.0028916452546
"y_fit[16",-16.1497450385,11.61455012125,-16.150296,11.6151715,0.298568524923784,0.142879938099405,0.295031469599999,0.141288814799998,-16.63669405,11.37840185,-15.6480839,11.84512375,93.0029373085732
"y_fit[17",-16.1498615195,11.6145349055,-16.1504545,11.615204,0.298566296525334,0.142876500441984,0.295042589100004,0.1412851083,-16.6367282,11.3783646,-15.64809385,11.84498775,93.0043412893079
"y_fit[18",-16.1498770125,11.6145328535,-16.1504675,11.6152085,0.298565966913629,0.142876053830045,0.295035917399997,0.1412851083,-16.6367337,11.3783596,-15.6480951,11.8449831,93.0045223700767
"y_fit[19",-16.1498951725,11.61453042925,-16.1504825,11.6152135,0.298565581887903,0.142875514863851,0.295028504399999,0.1412932626,-16.6367393,11.37835355,-15.6480974,11.84497845,93.0047332231607
"y_fit[20",-16.150053496,11.61450888125,-16.1506175,11.615266,0.298561874368879,0.142870971808937,0.295160455799999,0.141324397200001,-16.6367917,11.3783095,-15.6481122,11.8449333,93.0065073567536
"y_fit[21",-16.1501636305,11.61449354875,-16.1507115,11.6152335,0.298558859517475,0.142867845007897,0.295034434799999,0.1413369993,-16.63683135,11.37828515,-15.6481232,11.8449011,93.0076799306786
"y_fit[22",-16.1501650035,11.6144933645,-16.1507125,11.6152325,0.298558818290749,0.142867818400918,0.295032210899998,0.141339223199999,-16.6368314,11.3782852,-15.64812325,11.8449001,93.0076943184389
"y_fit[23",-16.1501653575,11.6144933085,-16.150713,11.6152325,0.29855880893981,0.142867800262429,0.295030728300001,0.141339223199999,-16.6368314,11.3782843,-15.64812325,11.84490005,93.0076980364602
"y_fit[24",-16.15021304575,11.614486577,-16.1507535,11.615218,0.298557336874006,0.142866448091141,0.295006265400001,0.141378512100002,-16.6368499,11.37827455,-15.64812815,11.84488405,93.0081913852273
"y_fit[25",-16.1502143365,11.6144863905,-16.150755,11.615218,0.29855729886384,0.142866409410575,0.295007748,0.141379253399999,-16.63685,11.3782737,-15.6481282,11.84488395,93.0082045434788
"y_fit[26",-16.1503651155,11.61446455475,-16.1508845,11.615199,0.298552089024703,0.142862357409983,0.2949328767,0.141383701199998,-16.6371529,11.37824215,-15.6481441,11.8448326,93.0097119124467
"y_fit[27",-16.15052907975,11.61444026175,-16.150993,11.6151685,0.29854594154801,0.142858304614245,0.294917309399999,0.141355531800001,-16.63788605,11.37829145,-15.6481623,11.84477675,93.0112698217761
"y_fit[28",-16.15065275025,11.61442158725,-16.151006,11.615129,0.298540920301164,0.142855283237697,0.295016643599997,0.1414311444,-16.63803195,11.37842285,-15.6482092,11.8447346,93.0123953409167
"y_fit[29",-16.15068860425,11.61441612875,-16.1510105,11.615104,0.298539404546612,0.142854391943971,0.295084843200001,0.141458572499999,-16.63807435,11.37846135,-15.64822645,11.84472215,93.0127142568492
"y_fit[30",-16.1508452325,11.61439193975,-16.1510315,11.614997,0.298532494184227,0.142850552574291,0.2951604558,0.141566061,-16.63824935,11.37862945,-15.64830665,11.84466965,93.0140715688327
"y_fit[31",-16.15092650375,11.614379236,-16.151143,11.614942,0.298528769489506,0.142848607523375,0.295293889800001,0.141554200199998,-16.63833125,11.3787168,-15.64834915,11.8446423,93.0147542580822
"y_fit[32",-16.15105472025,11.61435900225,-16.1513395,11.6148775,0.298522799142148,0.142845523369481,0.2955029364,0.1416060912,-16.6384601,11.37885585,-15.6484179,11.8446,93.0158030168992
"y_fit[33",-16.151187351,11.61433776225,-16.151603,11.6148615,0.298516506887549,0.142842335439651,0.295450304099999,0.1416616887,-16.63859285,11.37900055,-15.64849145,11.8445484,93.0168540359614
"y_fit[34",-16.15127708475,11.61432325925,-16.151779,11.6148495,0.298512139316872,0.142840181407809,0.2954606823,0.141609056399999,-16.6386836,11.37909835,-15.64854855,11.84445305,93.0175471439073
"y_fit[35",-16.151301878,11.614319227,-16.1518275,11.614846,0.29851091248957,0.142839583733168,0.295462906199999,0.141594971699999,-16.6387085,11.37911705,-15.6485673,11.844427,93.0177361314557
"y_fit[36",-16.151303301,11.61431900225,-16.15183,11.614846,0.298510846832298,0.142839549291914,0.295463647499999,0.1415942304,-16.63870955,11.37911895,-15.6485683,11.8444251,93.0177469351236
"y_fit[37",-16.15141857575,11.61430010375,-16.152053,11.61483,0.298505027302537,0.14283676633595,0.2953272483,0.141581628299998,-16.6388261,11.3791946,-15.64865505,11.84433265,93.0186126173707
"y_fit[38",-16.151433638,11.61429761425,-16.152081,11.614828,0.298504250699502,0.142836397535662,0.2953220592,0.141580887000001,-16.6388411,11.37920485,-15.64866625,11.84432775,93.018724156227
"y_fit[39",-21.11538349025,10.558841742,-21.1190805,10.559929,0.184173474664286,0.0931900878824396,0.185009206199999,0.0928337402999996,-21.4105037,10.40637505,-20.8082674,10.7127648,124.000158722387
"y_fit[40",-21.11534450925,10.5588541375,-21.119058,10.5599545,0.184174902896427,0.093189570326558,0.1850255148,0.0928730291999991,-21.41048935,10.4063895,-20.8082232,10.7128024,124.000578413908
"y_fit[41",-21.115337402,10.55885640575,-21.119046,10.55996,0.184175168671939,0.0931894739713605,0.185016619199996,0.0928797008999994,-21.4104866,10.4063919,-20.80821555,10.71280665,124.000653799404
"y_fit[42",-21.1153365955,10.558856667,-21.1190445,10.55996,0.184175197441196,0.0931894583960259,0.185015877900004,0.0928811834999996,-21.41048665,10.4063928,-20.80821465,10.7128067,124.000662388285
"y_fit[43",-21.11532212225,10.55886127625,-21.119021,10.55997,0.184175715118073,0.0931892511282251,0.185000310600001,0.0928952682000009,-21.4104802,10.4063985,-20.808199,10.71281515,124.000814797729
"y_fit[44",-21.11522717675,10.55889137425,-21.1189115,10.5599935,0.184178767598499,0.0931879345950307,0.184983260700002,0.0929241789000004,-21.410425,10.40644175,-20.80810055,10.712868,124.001785095003
"y_fit[45",-21.11516872375,10.55890983975,-21.118904,10.5599915,0.184180553416281,0.0931871323701369,0.184949902199999,0.0929338157999997,-21.4103852,10.4064723,-20.8080416,10.71289995,124.002358789118
"y_fit[46",-21.115134434,10.5589206475,-21.1189125,10.55999,0.18418152985523,0.0931866601984156,0.1849202502,0.0929582787000012,-21.41035855,10.40647205,-20.8080075,10.7129175,124.002687977753
"y_fit[47",-21.1150849625,10.55893618725,-21.1189225,10.5599995,0.184182921911106,0.0931859687750137,0.1849795542,0.0930079457999996,-21.41031815,10.4064404,-20.8079586,10.71294425,124.003153230217
"y_fit[48",-21.11507495825,10.5589393265,-21.1189245,10.5600095,0.18418319735942,0.0931858241082359,0.184995862799999,0.0930175826999989,-21.41030935,10.4064346,-20.8079566,10.7129494,124.003245998556
"y_fit[49",-21.11504970625,10.558947245,-21.1189295,10.560035,0.184183846471586,0.0931854676249929,0.185039599500002,0.0930501998999982,-21.41028675,10.4064192,-20.80796855,10.7129618,124.003478281493
"y_fit[50",-21.1150072315,10.558960556,-21.1189375,10.560077,0.184184921459549,0.0931848704183602,0.185111505600002,0.093114693,-21.41024755,10.4063951,-20.8079882,10.71298345,124.003863416133
"y_fit[51",-21.11496204525,10.5589746925,-21.1188725,10.5601155,0.184186035984789,0.0931842268041524,0.185081853600003,0.0931443450000002,-21.41020355,10.4063691,-20.8080087,10.7130061,124.004265695591
"y_fit[52",-21.114947151,10.558979337,-21.11885,10.5601245,0.18418639980596,0.0931840180613095,0.185070734100002,0.0931436036999994,-21.41018795,10.40636045,-20.80801555,10.71301335,124.004396593771
"y_fit[53",-21.1149042665,10.55899270875,-21.118786,10.5601095,0.184187450024496,0.0931834054533767,0.185039599499999,0.0931421210999992,-21.41014305,10.40633735,-20.80803425,10.71303495,124.004769065734
"y_fit[54",-21.11488488725,10.5589987535,-21.1187515,10.560098,0.184187887258146,0.093183120355556,0.185017360500002,0.0931287777,-21.4101226,10.4063268,-20.80804185,10.713044,124.004935216145
"y_fit[55",-21.1148760045,10.55900151625,-21.11874,10.560092,0.184188085908849,0.0931829891704217,0.185014395300002,0.0931280364000005,-21.41011285,10.406322,-20.80804615,10.71304855,124.005011061882
"y_fit[56",-21.11486866325,10.55900379175,-21.1187305,10.5600875,0.184188257166851,0.0931828799331537,0.185011430099996,0.0931295190000007,-21.4101041,10.40631815,-20.8080486,10.71305125,124.005073459744
"y_fit[57",-21.11485299625,10.55900865925,-21.1187095,10.560078,0.184188620819819,0.0931826643570402,0.185012912699998,0.0931324841999999,-21.41008655,10.4063095,-20.80805545,10.7130576,124.00520613404
"y_fit[58",-21.11484508775,10.5590111265,-21.118699,10.560073,0.184188800103821,0.0931825479753628,0.1850173605,0.0931391559000001,-21.4100778,10.4063047,-20.80805885,10.7130612,124.005272756163
"y_fit[59",-21.11479201325,10.55902758025,-21.1186285,10.560093,0.184189986644298,0.0931817476933565,0.1850277387,0.0931539818999996,-21.4100156,10.40627735,-20.80802775,10.71308385,124.005714888833
"y_fit[60",-21.114791819,10.55902764175,-21.118628,10.560093,0.184189979378987,0.0931817399205717,0.185026997400002,0.0931539818999996,-21.4100156,10.40627735,-20.8080277,10.71308385,124.005716497391
"y_fit[61",-21.1147861265,10.559029419,-21.1186205,10.560096,0.184190119265872,0.0931816536972857,0.185024773499997,0.0931547232000003,-21.4100088,10.40627485,-20.8080208,10.7130866,124.0057634527
"y_fit[62",-21.1147822165,10.55903062575,-21.118615,10.560098,0.184190203501386,0.0931815976506621,0.185023290899998,0.0931562058000005,-21.41000395,10.4062732,-20.80801585,10.71308745,124.005795640671
"y_fit[63",-21.11468270675,10.55906152975,-21.118506,10.560141,0.184192348898524,0.0931800867232133,0.184970658599999,0.0931925294999997,-21.4098788,10.40622785,-20.80789035,10.7131129,124.0066011335
"y_fit[64",-21.11468095625,10.55906207525,-21.118506,10.5601415,0.184192377155592,0.0931800584437249,0.1849736238,0.0931925294999997,-21.4098759,10.406227,-20.8078884,10.713112,124.00661508543
"y_fit[65",-21.11468070525,10.5590621515,-21.1185055,10.560142,0.184192386898266,0.0931800587182002,0.184972882499996,0.0931917882000016,-21.4098759,10.406227,-20.8078874,10.713112,124.006617052378
"y_fit[66",-21.114629746,10.55907799725,-21.1184885,10.5601655,0.184193407278003,0.0931793103807868,0.185031445200001,0.0931903056,-21.4098081,10.40620435,-20.8078242,10.7130932,124.007019929225
"y_fit[67",-21.114625991,10.5590791645,-21.118488,10.5601675,0.184193482798118,0.0931792498458074,0.185037375599999,0.0931932707999978,-21.4098023,10.4062027,-20.80781925,10.71309235,124.007049303483
"y_fit[68",-21.1145777585,10.55909416125,-21.118472,10.5601905,0.184194412830041,0.0931785760590026,0.185092973100001,0.0932162511000017,-21.4097355,10.40619525,-20.80775995,10.7130744,124.0074247286
"y_fit[69",-21.11456080675,10.559099423,-21.1184665,10.560198,0.184194752034313,0.0931783468466459,0.185113729500001,0.0932206988999997,-21.40971135,10.4062138,-20.8077392,10.71306815,124.007555475985
"y_fit[70",-21.11445864125,10.55913115325,-21.1184105,10.5602125,0.184196782556754,0.0931769103202503,0.185082594900004,0.0932281119000007,-21.40955965,10.4063243,-20.8076138,10.71303145,124.008329233802
"y_fit[71",-21.114429642,10.55914015325,-21.118391,10.5602155,0.184197328086701,0.0931765013324975,0.185091490500005,0.0932340423000002,-21.40951525,10.4063549,-20.8075792,10.71302065,124.008544583591
"y_fit[72",-21.11434949575,10.55916502525,-21.1183425,10.560223,0.184198815645881,0.0931753806771332,0.185154501000001,0.0932459031000006,-21.4094392,10.4064394,-20.80748245,10.712992,124.009131090222
"y_fit[73",-21.11428892775,10.559183783,-21.1182975,10.560229,0.184199937324483,0.0931745679472567,0.1852100985,0.0932547987000005,-21.4094197,10.40650635,-20.80741035,10.7129705,124.009565864285
"y_fit[74",-21.11428706575,10.5591843675,-21.118297,10.5602295,0.184199976964273,0.0931745499165302,0.185212322399997,0.0932555399999999,-21.40941965,10.4065083,-20.8074074,10.71296955,124.009579107226
"y_fit[75",-21.11427272525,10.55918880475,-21.118286,10.560231,0.184200253282512,0.0931743510774494,0.185216770199997,0.0932636943000004,-21.40941455,10.40652385,-20.8073906,10.7129651,124.0096809251
"y_fit[76",-21.11420148825,10.55921086025,-21.1182345,10.560239,0.184201630094463,0.0931734373032811,0.185243457,0.0932740725000005,-21.40939295,10.4066017,-20.80730665,10.71293905,124.010181294987
"y_fit[77",-21.114171984,10.5592199825,-21.118213,10.560242,0.184202182032411,0.0931730493314866,0.185252352599999,0.0932762964000028,-21.4093837,10.40663385,-20.8072721,10.71292925,124.01038593377
"y_fit[78",-21.1141449535,10.5592283585,-21.1181805,10.5602455,0.184202693674445,0.0931727172171091,0.185244198300001,0.0932785202999998,-21.4093745,10.40665545,-20.8072405,10.7129185,124.010572185069
"y_fit[79",-21.114087818,10.55924600975,-21.118077,10.5602525,0.184203775360062,0.093172000762604,0.1852278897,0.0932748138,-21.40935705,10.40665315,-20.8071734,10.71289675,124.010961687211
"y_fit[80",-21.1140574315,10.559255401,-21.117994,10.5602565,0.184204336687545,0.0931716308413731,0.185135968499998,0.0932577639000009,-21.40934685,10.4066521,-20.80713785,10.7128849,124.011166742463
"y_fit[81",-21.114053897,10.5592564955,-21.117986,10.5602565,0.184204396761505,0.0931715927006863,0.185128555500003,0.0932577639000009,-21.4093458,10.40665125,-20.8071339,10.71288295,124.011190547254
"y_fit[82",-21.1140332315,10.5592628825,-21.1179785,10.5602595,0.184204775866603,0.0931713418651488,0.185138192399998,0.0932570226000001,-21.40933965,10.40665085,-20.8071102,10.71287505,124.011329067014
"y_fit[83",-21.1140173345,10.55926779375,-21.1179665,10.5602615,0.18420509403126,0.0931711517227975,0.185136709800004,0.0932466444000013,-21.40933455,10.4066503,-20.80709145,10.7128691,124.011435381616
"y_fit[84",-21.1139700795,10.559282399,-21.117929,10.5602675,0.184206056001125,0.093170570181261,0.1851300381,0.0932466444,-21.4093192,10.40664875,-20.80703715,10.7128513,124.011749458644
"y_fit[85",-21.11389850275,10.55930450575,-21.1178875,10.5602735,0.184207464995434,0.0931696765016592,0.185221959300002,0.0932599877999979,-21.4092967,10.4066469,-20.80695425,10.7128237,124.012220120016
"y_fit[86",-21.1138192815,10.55932897225,-21.117821,10.560273,0.184209045251281,0.093168721200841,0.1852197354,0.0932740724999992,-21.409267,10.40664435,-20.80686345,10.7127931,124.012733070296
"y_fit[87",-21.11381448925,10.5593304515,-21.117816,10.560273,0.184209126334147,0.0931686553157524,0.185216770200002,0.0932755550999994,-21.40926565,10.4066445,-20.80685755,10.71279115,124.012763796216
"y_fit[88",-21.1137972785,10.55933577,-21.117796,10.5602725,0.184209479886301,0.0931684471348346,0.1852041681,0.0932777790000004,-21.4092584,10.406644,-20.80683785,10.71278425,124.012874022275
"y_fit[89",-21.11371489725,10.55936115175,-21.117668,10.5602725,0.184211158409971,0.093167466229879,0.185135968500003,0.0932510921999993,-21.4092264,10.40664255,-20.8067441,10.71275265,124.013396190545
"y_fit[90",-21.1136704135,10.55937486075,-21.1175995,10.5602725,0.184212059105672,0.0931669296646624,0.185086301399994,0.0932510922000006,-21.4092092,10.40664095,-20.80669375,10.7127359,124.013674806361
"y_fit[91",-21.11353842975,10.55941549575,-21.1174255,10.5602855,0.184214648244963,0.0931653179388991,0.184903941600002,0.0932940876,-21.40915685,10.40663905,-20.80654475,10.7126856,124.014488974274
"y_fit[92",-21.11348026525,10.5594333695,-21.1173655,10.560322,0.184215765787959,0.0931646235527998,0.184936558799998,0.0932955702000016,-21.40913385,10.4066387,-20.80649135,10.7126734,124.014841931243
"y_fit[93",-21.113471307,10.559436125,-21.117356,10.5603275,0.184215921819755,0.0931645059288575,0.1849410066,0.0932888985,-21.4091302,10.4066389,-20.80648325,10.7126742,124.014896015869
"y_fit[94",-21.1134319395,10.55944819075,-21.1173145,10.560346,0.184216611538246,0.093164015015449,0.1849484196,0.0932785203000012,-21.4091145,10.40663795,-20.8064506,10.7126794,124.015132729071
"y_fit[95",-21.1134274285,10.5594495775,-21.11731,10.560346,0.184216693326133,0.0931639621413772,0.1849454544,0.0932814855000016,-21.4091132,10.40663805,-20.80644655,10.7126793,124.015159819303
"y_fit[96",-21.11339885175,10.5594583385,-21.1172795,10.560347,0.184217212509486,0.0931636111908746,0.184935076199999,0.0933000179999996,-21.40910125,10.4066378,-20.80642215,10.71268275,124.015330675589
"y_fit[97",-21.113376685,10.55946511825,-21.117256,10.5603485,0.184217606502947,0.0931633399835122,0.184935076199999,0.0933118787999999,-21.40908825,10.40663735,-20.80640375,10.7126862,124.01546270947
"y_fit[98",-21.11329929125,10.559488835,-21.117183,10.5603695,0.184219025572985,0.0931623680327719,0.184912095900005,0.0933437546999998,-21.40896345,10.40663635,-20.8063386,10.7127279,124.015920454846
"y_fit[99",-21.1132449275,10.55950549225,-21.1171745,10.560382,0.184220001554884,0.0931616902660597,0.184938782699998,0.0933526502999984,-21.4088761,10.4066398,-20.8062937,10.71277465,124.016238992391
"y_fit[100",-21.113236313,10.55950813675,-21.1171735,10.560382,0.184220157875603,0.0931615847616864,0.184943971800001,0.0933578393999997,-21.4088617,10.4066388,-20.8062866,10.7127812,124.016289280197
"y_fit[101",-21.11319872225,10.55951966325,-21.1171565,10.5603835,0.184220797082284,0.0931611051409016,0.1849662108,0.0933741480000007,-21.4088022,10.40663495,-20.806255,10.71281395,124.01650771549
"y_fit[102",-21.1131805675,10.5595252,-21.1171385,10.5603835,0.184221105543687,0.0931608747109414,0.184977330299998,0.0933726653999992,-21.4087734,10.40663395,-20.80623975,10.7128289,124.016612827983
"y_fit[103",-21.1130973345,10.55955066175,-21.117008,10.560401,0.184222451931122,0.0931597597724015,0.184984743299998,0.0933919392000006,-21.4086418,10.4066307,-20.80617045,10.71289905,124.017091473076
"y_fit[104",-21.11308467125,10.55955453425,-21.1169865,10.5604115,0.184222651717244,0.0931595915840412,0.184970658599999,0.0933986108999982,-21.40862165,10.40663065,-20.80616025,10.71291025,124.017163838716
"y_fit[105",-21.11301283825,10.55957645825,-21.1168655,10.5604565,0.18422383197293,0.0931586084523027,0.184891339500005,0.0933874913999986,-21.4085093,10.4066284,-20.8061011,10.7129701,124.017571714544
"y_fit[106",-21.11299095925,10.55958313675,-21.1168285,10.560465,0.184224179055048,0.0931583008579441,0.184896528599999,0.0933837848999988,-21.40847565,10.4066283,-20.8060828,10.7129888,124.017695275391
"y_fit[107",-21.11296095775,10.55959228775,-21.116807,10.5604665,0.184224648674098,0.0931578943947692,0.184903941599999,0.0934164020999994,-21.4084476,10.4066277,-20.8060583,10.71301405,124.017864112463
"y_fit[108",-21.11295782925,10.559593239,-21.116805,10.560467,0.184224696916552,0.0931578574472058,0.1849046829,0.0934178847000009,-21.40844565,10.4066279,-20.80605525,10.71301415,124.017881672182
"y_fit[109",-21.1127694365,10.55965058975,-21.1166845,10.560469,0.184227544951327,0.093155343280989,0.185065545000002,0.093460880099999,-21.4083831,10.40682735,-20.8059003,10.71297505,124.018927657227
"y_fit[110",-21.11274916875,10.5596567615,-21.1166715,10.5604705,0.184227862412484,0.0931550859332405,0.1850685102,0.0934519845000004,-21.4083772,10.4068492,-20.805884,10.7129712,124.019038963565
"y_fit[111",-21.11262834925,10.55969345525,-21.1166285,10.560482,0.18422973520757,0.093153587743011,0.1851945312,0.0934549496999995,-21.40834005,10.40693555,-20.80578505,10.71294615,124.019696963546
"y_fit[112",-21.1126055425,10.55970038525,-21.116622,10.560485,0.184230075188065,0.0931533149328411,0.1852323375,0.0934527257999998,-21.408333,10.406946,-20.8057667,10.71294145,124.01982017545
"y_fit[113",-13.31950076675,10.816396117975,-13.3120275,10.812766,0.482388069520581,0.240544127250897,0.4707744258,0.2353427349,-14.12983135,10.431233,-12.5061985,11.20866375,398.000962201413
"y_fit[114",-13.319510619,10.8164009607,-13.312052,10.812782,0.482386158540794,0.240543254312085,0.4707751671,0.2353671978,-14.12983755,10.4312403,-12.50621075,11.2086751,398.00108971179
"y_fit[115",-13.319612697,10.81645217605,-13.312309,10.812916,0.482365895036263,0.240534061442109,0.470784804,0.235348665300001,-14.1298953,10.4313128,-12.50634135,11.20878735,398.002409059517
"y_fit[116",-13.32009428525,10.816719114775,-13.3131705,10.8132175,0.482263899069274,0.240486069756801,0.4712288427,0.235625170199999,-14.13015855,10.431984,-12.50699315,11.2089413,398.008540412714
"y_fit[117",-13.32010388325,10.816724876725,-13.3131865,10.813218,0.482261754483033,0.240485046270278,0.471239962200001,0.2356170159,-14.13016385,10.43199955,-12.5070063,11.2089394,398.008661675518
"y_fit[118",-13.32012431425,10.81673718825,-13.31322,10.8132165,0.482257188960502,0.240482854350442,0.471260718600002,0.2355992247,-14.1301745,10.43203255,-12.50703375,11.2089365,398.008919165046
"y_fit[119",-13.32052538375,10.816995194475,-13.3135605,10.813235,0.482163843621398,0.240437194961176,0.471007935299999,0.235488771,-14.1303813,10.43255,-12.5082325,11.20914885,398.013942326237
"y_fit[120",-13.32052974975,10.81699820715,-13.3135665,10.8132345,0.482162796402184,0.240436659182697,0.470999781,0.2354880297,-14.13038345,10.4325492,-12.50823465,11.20914915,398.013997019986
"y_fit[121",-13.32053423475,10.81700129065,-13.3135725,10.8132345,0.482161712589121,0.24043611977181,0.470991626699999,0.235485805799999,-14.1303856,10.43254935,-12.50823685,11.20914945,398.014053090098
"y_fit[122",-13.3207897835,10.817183897425,-13.313821,10.813229,0.482097905180644,0.240403751620999,0.4708522623,0.235460601600001,-14.13051345,10.43251195,-12.50837665,11.2091615,398.017259138008
"y_fit[123",-14.99871210975,12.10235353925,-14.994105,12.1003055,0.246814997670943,0.120900643403252,0.2392908987,0.119107636200001,-15.40943765,11.90483325,-14.59218465,12.29907535,428.000242022495
"y_fit[124",-14.999007248,12.102304618,-14.994412,12.1003175,0.246808010555143,0.120900128824929,0.2391974949,0.119008301999999,-15.40973495,11.90464445,-14.592333,12.2990045,428.002123308363
"y_fit[125",-14.999026723,12.10230134675,-14.994432,12.100319,0.246807516409861,0.120900080345585,0.239197494900001,0.1190023716,-15.4097543,11.90463325,-14.5923431,12.2989999,428.002245658641
"y_fit[126",-14.9990305735,12.10230070425,-14.9944365,12.1003195,0.246807417949921,0.120900080688585,0.239196753600001,0.119000889,-15.40975815,11.90463045,-14.5923444,12.298999,428.002269835123
"y_fit[127",-14.999037314,12.10229956775,-14.994443,12.10032,0.246807240446233,0.120900058428042,0.239196753599999,0.1189986651,-15.4097649,11.9046267,-14.5923478,12.29899715,428.002312142984
"y_fit[128",-14.99909094025,12.1022905515,-14.9944985,12.1003245,0.246805864878656,0.12089994475244,0.239195271000002,0.1189830978,-15.40981805,11.9045939,-14.5923749,12.2989842,428.002647997839
"y_fit[129",-14.99940318175,12.10223765375,-14.994818,12.100348,0.246797227764304,0.120898915071723,0.2391945297,0.1189816152,-15.4101445,11.9046013,-14.59253515,12.29893205,428.00457630157
"y_fit[130",-14.9994279645,12.102233412,-14.994843,12.1003495,0.246796534617664,0.120898821541776,0.2391960123,0.1189875456,-15.4101708,11.9045974,-14.5925476,12.29893505,428.004727637721
"y_fit[131",-14.99949829125,12.102221362,-14.994915,12.100354,0.246794548753747,0.120898534834533,0.2392226991,0.1190127498,-15.41024465,11.90457325,-14.5925837,12.2989424,428.005155806784
"y_fit[132",-14.9996580895,12.10219381275,-14.995077,12.10036,0.246789815981439,0.120897923374305,0.2392679184,0.1190468496,-15.41041255,11.90451725,-14.592829,12.29895775,428.006120651397
"y_fit[133",-14.99969509375,12.1021874005,-14.995114,12.100361,0.24678867867274,0.120897784587138,0.239268659699999,0.119055745199999,-15.41045105,11.9045047,-14.5928878,12.2989621,428.00634240061
"y_fit[134",-14.999729433,12.10218143375,-14.995149,12.100358,0.246787611069341,0.120897652855945,0.239269401,0.1190638995,-15.4104874,11.90449215,-14.59294085,12.2989655,428.006547679245
"y_fit[135",-14.999819475,12.1021657535,-14.9952395,12.100338,0.246784750423048,0.12089724931832,0.239270142300001,0.119046108300001,-15.4105815,11.90446035,-14.5930826,12.298974,428.007083852217
"y_fit[136",-14.99983613075,12.10216284675,-14.995256,12.1003345,0.246784205425403,0.120897177436307,0.239269401,0.119043143100001,-15.41059965,11.9044536,-14.5931086,12.29897575,428.007182636578
"y_fit[137",-14.99998069375,12.10213751725,-14.9954005,12.1003005,0.246779443536983,0.120896457852869,0.239268659699999,0.119075019,-15.41075135,11.9044015,-14.5933362,12.29898935,428.008035589415
"y_fit[138",-15.00005769175,12.1021239555,-14.995478,12.100282,0.246776776468889,0.120896065739636,0.239260505399999,0.1191024471,-15.410832,11.9043726,-14.5934577,12.29899705,428.008486611629
"y_fit[139",-15.0001228245,12.10211243925,-14.995543,12.1002645,0.246774450892921,0.120895701178004,0.239254574999998,0.1191254274,-15.4109239,11.9043789,-14.59355995,12.29900295,428.008866414125
"y_fit[140",-15.0003243075,12.1020765995,-14.9957425,12.100169,0.246767035989987,0.120894563430813,0.2391011259,0.119145442500001,-15.4112145,11.90443575,-14.5938782,12.29902255,428.010030697309
"y_fit[141",-15.00033981425,12.1020738325,-14.995758,12.100162,0.246766458595172,0.120894468496217,0.239089265099999,0.1191484077,-15.4112361,11.90444045,-14.5939023,12.2990243,428.010119686928
"y_fit[142",-15.00036084425,12.102070081,-14.995779,12.100152,0.246765663235563,0.120894334355981,0.239072956500001,0.119165457599999,-15.41125655,11.904446,-14.5939351,12.29902595,428.010240126718
"y_fit[143",-15.00046313175,12.10205178125,-14.99588,12.100103,0.24676178502335,0.120893684092273,0.2389936374,0.119292961199998,-15.41135115,11.9044749,-14.59409715,12.2990353,428.010823967317
"y_fit[144",-15.0004755615,12.1020495515,-14.995892,12.100097,0.246761309862449,0.120893614467949,0.2389847418,0.1193011155,-15.41136295,11.90447865,-14.59411645,12.29903705,428.010894645094
"y_fit[145",-15.0005404075,12.10203792075,-14.9959565,12.1000665,0.246758795005439,0.120893205569911,0.2389513833,0.119341887,-15.41142215,11.9044973,-14.5942187,12.29904205,428.011262641936
"y_fit[146",-15.00055835175,12.1020346975,-14.995974,12.1000575,0.246758087476807,0.120893102102688,0.238947676799999,0.119356713000001,-15.4114389,11.90450195,-14.59424765,12.29903835,428.011364233824
"y_fit[147",-15.00066512,12.10201548275,-14.9961025,12.100006,0.246753860656422,0.12089240184346,0.238923955199999,0.119421947399999,-15.41154125,11.90453275,-14.59441645,12.2990161,428.011966267005
"y_fit[148",-15.0006894595,12.1020110905,-14.9961325,12.0999945,0.246752884954889,0.120892246027972,0.238932850800001,0.119437514700001,-15.4115631,11.90454025,-14.59445505,12.2990115,428.012102977494
"y_fit[149",-15.00084206,12.10198346125,-14.996322,12.0999205,0.246746792416219,0.120891210612272,0.239076662999998,0.1195146099,-15.4116687,11.9045841,-14.59469625,12.29898,428.012955583907
"y_fit[150",-15.00088444275,12.10197576275,-14.996386,12.0998995,0.246745072725393,0.12089091057939,0.239084075999998,0.119520540299998,-15.41169755,11.9045962,-14.59476375,12.29897075,428.013191142646
"y_fit[151",-15.000980935,12.101958223,-14.9965315,12.0998525,0.246741138272729,0.120890205913561,0.2388935619,0.119527212,-15.41178445,11.9046242,-14.59488295,12.2989513,428.013725372236
"y_fit[152",-15.00119537025,12.10191907475,-14.9968515,12.0997465,0.246732259152113,0.120888489266669,0.2387200977,0.119595411599997,-15.4120084,11.90465635,-14.59506875,12.29890685,428.014901764095
"y_fit[153",-15.00121024825,12.101916355,-14.9968735,12.099739,0.246731638015598,0.120888354298413,0.238713426,0.119593929,-15.4120235,11.90465245,-14.59508145,12.29890315,428.01498287179
"y_fit[154",-15.00137057,12.101886965,-14.997109,12.099659,0.246724767042495,0.120886995094845,0.238587405,0.119582809499999,-15.4121918,11.904607,-14.59521935,12.29886975,428.015852606087
"y_fit[155",-15.00146534375,12.10186952275,-14.9972465,12.099612,0.246720610346758,0.120886155724291,0.2384702796,0.119579103,-15.41229075,11.90458085,-14.59530055,12.2988503,428.016363296756
"y_fit[156",-15.00147235775,12.1018682195,-14.997257,12.099608,0.246720316285054,0.120886099569411,0.238461384,0.119576879100001,-15.4122988,11.90457895,-14.59530645,12.29884845,428.016400959408
"y_fit[157",-15.001516011,12.10186017925,-14.99732,12.0995865,0.246718377816091,0.120885721967805,0.2384072691,0.1195694661,-15.41234435,11.9045673,-14.5953446,12.2988392,428.016635229909
"y_fit[158",-15.00163434425,12.1018383275,-14.99743,12.099527,0.246713132220482,0.1208846716306,0.238352412899998,0.1195531575,-15.41246885,11.90453535,-14.5954454,12.2988246,428.017267611022
"y_fit[159",-15.00167131275,12.101831491,-14.997465,12.0995165,0.246711506075492,0.120884322117231,0.238333880400001,0.1195509336,-15.41250835,11.90452565,-14.5954767,12.29882955,428.0174644128
"y_fit[160",-15.00176155,12.101814774,-14.99755,12.099498,0.246707473204298,0.120883498843482,0.238290884999999,0.1195531575,-15.41264555,11.9045024,-14.59555405,12.29884045,428.017943392699
"y_fit[161",-15.00186614825,12.101795344,-14.997648,12.0994765,0.246702765849972,0.120882537156229,0.238241217900001,0.1195702074,-15.4128095,11.90447625,-14.59564315,12.29885335,428.018495688159
"y_fit[162",-15.0020849265,12.10175452575,-14.9978525,12.099529,0.246692708211245,0.120880530842916,0.238190068199999,0.1195635357,-15.4131549,11.9044229,-14.59582825,12.2988801,428.019641383314
"y_fit[163",-15.00211265325,12.10174933725,-14.997878,12.0995355,0.246691404860923,0.120880264497128,0.2381908095,0.119564276999999,-15.4131997,11.9044161,-14.59585175,12.298884,428.019785640715
"y_fit[164",-20.48831099725,10.75990762225,-20.488002,10.759406,0.330949682867968,0.176474272306957,0.320707877699999,0.171526441799999,-21.0334838,10.4682275,-19.9378875,11.0494466,459.00018263597
"y_fit[165",-20.48885342725,10.75974816,-20.4885245,10.7595165,0.330928121510408,0.176465155325768,0.320462507400002,0.171492342000001,-21.03399145,10.46795565,-19.93845905,11.0492278,459.003367428808
"y_fit[166",-20.48899395475,10.7597066945,-20.4886505,10.7595145,0.330922272239376,0.176462512262944,0.320430631500001,0.171593158799999,-21.0341093,10.46794375,-19.93860685,11.049175,459.004186364068
"y_fit[167",-20.4892821075,10.7596215355,-20.489032,10.759384,0.330909997118565,0.176456702585667,0.320323142999998,0.171608726100001,-21.03435015,10.4679343,-19.93890835,11.04906855,459.005857902081
"y_fit[168",-20.48941790825,10.75958128375,-20.4892185,10.7593225,0.330904077870865,0.176453821934719,0.320271251999998,0.1715405265,-21.034462,10.46793265,-19.939051,11.0490174,459.006641960456
"y_fit[169",-20.48946580425,10.75956708125,-20.4892835,10.759301,0.330901961819897,0.176452791617065,0.320279406299998,0.171516063600002,-21.03450165,10.4679257,-19.9391009,11.0489998,459.006917889235
"y_fit[170",-20.4895504515,10.75954196875,-20.4893995,10.759262,0.330898197181488,0.176450937144671,0.320297197500003,0.171471585599999,-21.03457175,10.46785225,-19.9391887,11.048969,459.007404571958
"y_fit[171",-20.48956114125,10.75953880125,-20.489414,10.7592575,0.33089772229401,0.176450697950817,0.3202986801,0.1714671378,-21.0345809,10.46784245,-19.93920065,11.04896455,459.007465954917
"y_fit[172",-20.49021311525,10.75934446375,-20.489832,10.7588795,0.330867511047075,0.176435114324584,0.3201607983,0.171140224499998,-21.03511555,10.46726985,-19.9398786,11.0486965,459.011183073898
"y_fit[173",-20.49022655925,10.759340423,-20.4898405,10.758867,0.330866866279417,0.176434775152037,0.3201578331,0.171127622400001,-21.0351258,10.46725715,-19.93989255,11.04869045,459.011259135129
"y_fit[174",-20.4904020675,10.75928786525,-20.4899735,10.7587695,0.330858341288616,0.176430280107897,0.320118544199999,0.1711016769,-21.03526815,10.467207,-19.9400748,11.0486178,459.012249499117
"y_fit[175",-20.4904221665,10.75928184575,-20.489994,10.758762,0.330857350650322,0.176429752450767,0.3201140964,0.171110572500001,-21.0352844,10.4672084,-19.9400957,11.0486097,459.012362707523
"y_fit[176",-20.49053594975,10.75924771425,-20.490113,10.758718,0.330851698080719,0.176426729251499,0.320088150899999,0.1711639461,-21.0353769,10.46721495,-19.94021325,11.04856225,459.013002121979
"y_fit[177",-20.49081687475,10.75916308675,-20.490409,10.7586105,0.330837447121822,0.176418989593054,0.3200243991,0.171308499599999,-21.03560265,10.4672306,-19.94050295,11.048446,459.014573066528
"y_fit[178",-20.49122238475,10.759040323,-20.4908435,10.758495,0.330816264558724,0.176406992370276,0.319933219200001,0.1712818128,-21.03592605,10.4672535,-19.94091985,11.04827895,459.01682106772
"y_fit[179",-20.491375058,10.75899393125,-20.490968,10.7584175,0.330808100689401,0.176402261169201,0.319898378099999,0.1711572744,-21.03604705,10.46726285,-19.941076,11.0482161,459.01766162524
"y_fit[180",-20.491449778,10.75897118725,-20.491026,10.7583795,0.330804055489434,0.176399889089087,0.3198813282,0.1711491201,-21.03610605,10.4672684,-19.9411526,11.04818565,459.018071861365
"y_fit[181",-20.49158655925,10.7589294865,-20.4911315,10.758297,0.330796586154969,0.176395493212127,0.3198501936,0.171163204800001,-21.03621385,10.46727785,-19.9412918,11.04812985,459.018821057789
"y_fit[182",-20.4915965355,10.75892644375,-20.4911395,10.758288,0.330796022017746,0.176395172228127,0.3198479697,0.1711624635,-21.03622105,10.46727865,-19.9413027,11.04812575,459.018875575736
"y_fit[183",-20.49166445925,10.75890567775,-20.4911915,10.758236,0.330792254812877,0.176392970806773,0.3198331437,0.171156533100001,-21.0362749,10.4672824,-19.9413713,11.04809835,459.019246650226
"y_fit[184",-26.02583598,8.8691970604,-26.0271955,8.87067385,0.27367326722067,0.140723201110021,0.262704117899999,0.142774676520001,-26.47612865,8.640386995,-25.57235505,9.10363244,490.001415788974
"y_fit[185",-26.02588181625,8.86917546855,-26.027284,8.8706064,0.273670657987463,0.140724172712689,0.262736735099998,0.14281426194,-26.47614665,8.64043234,-25.57239305,9.103601635,490.002119303704
"y_fit[186",-26.02588418525,8.869174352,-26.0272885,8.87060225,0.27367052649605,0.140724219601229,0.262734511200004,0.14281426194,-26.4761476,8.640429375,-25.572395,9.10359999,490.002155947853
"y_fit[187",-26.02592334375,8.86915595095,-26.027366,8.87053295,0.273668193025851,0.140724975742679,0.262689291899999,0.14281426194,-26.4761627,8.64037928,-25.5724281,9.10357251,490.002766540539
"y_fit[188",-26.025956022,8.869140572575,-26.0274195,8.8704745,0.273666184149401,0.140725574482066,0.2626159032,0.14281433607,-26.4761759,8.640336845,-25.57245535,9.10354756,490.00328248247
"y_fit[189",-26.0260057735,8.869117178875,-26.0275005,8.87038415,0.273663008987382,0.140726360771733,0.262555857899999,0.142774676520001,-26.4761957,8.64048936,-25.5724972,9.10350891,490.004080412649
"y_fit[190",-26.02601110175,8.8691146735,-26.027509,8.87037435,0.273662671158312,0.140726437271648,0.262549927500001,0.142789576650002,-26.4761976,8.64051605,-25.57250205,9.10350467,490.004166961224
"y_fit[191",-26.0260462045,8.869098168,-26.0275675,8.8703096,0.273660326766632,0.140726914921348,0.262529912399999,0.14281492911,-26.47621075,8.640696835,-25.57253125,9.103476855,490.004740829128
"y_fit[192",-26.026063254,8.86909012805,-26.027596,8.87031645,0.273659159648872,0.140727126701495,0.262544738400001,0.1428151515,-26.4762173,8.640757305,-25.5725458,9.10346316,490.005022457512
"y_fit[193",-26.02612423275,8.8690613654,-26.0276985,8.8703236,0.273654718846743,0.140727735735805,0.2625336189,0.14284613784,-26.4762183,8.64086816,-25.5725973,9.10341302,490.006045556879
"y_fit[194",-26.026134979,8.8690562914,-26.027717,8.8703039,0.273653891547133,0.140727828634493,0.262526205899998,0.14286088971,-26.47621755,8.640905245,-25.572607,9.10339474,490.006228571907
"y_fit[195",-26.02616195425,8.86904353065,-26.027763,8.87025405,0.273651801577686,0.140728043270812,0.262509897299999,0.14289832536,-26.47621525,8.640933765,-25.57262935,9.103348645,490.006692234143
"y_fit[196",-26.02618076275,8.869034606175,-26.0277955,8.87021895,0.273650295118778,0.140728202199652,0.2624980365,0.14292478977,-26.4762128,8.64096597,-25.57264585,9.103316165,490.007018878977
"y_fit[197",-26.026217452,8.869017214225,-26.027859,8.8701863,0.273647197151452,0.140728441103046,0.2625002604,0.14292523455,-26.4762088,8.64102956,-25.5726769,9.10325188,490.007664031428
"y_fit[198",-26.026230408,8.869011073775,-26.027882,8.87018295,0.273646072536857,0.140728501191271,0.2624972952,0.14292612411,-26.47621285,8.6410523,-25.57268755,9.10322893,490.007894264287
"y_fit[199",-26.02630630375,8.868974991325,-26.028017,8.8700751,0.273639088543783,0.140728735708355,0.262472091000003,0.14282063712,-26.47632365,8.641067785,-25.5727525,9.103091315,490.009273642846
"y_fit[200",-26.02632606875,8.86896560335,-26.0280525,8.8700074,0.273637176110547,0.14072875737149,0.262449110699997,0.14280951762,-26.47633425,8.641039445,-25.57276995,9.10305455,490.009641557871
"y_fit[201",-26.026354232,8.868952271775,-26.0281035,8.8699672,0.273634375617725,0.140728705627983,0.262415010899999,0.14277200784,-26.47634985,8.64099125,-25.5727941,9.103001545,490.010171898599
"y_fit[202",-26.0263852625,8.8689375597,-26.028138,8.869933,0.273631169162808,0.140728478030794,0.262409821800002,0.142730791559999,-26.476366,8.64100161,-25.57282025,9.102942215,490.010764791225
"y_fit[203",-26.02643670775,8.868913276125,-26.028195,8.8698966,0.273625533438704,0.140727931638977,0.262397219699999,0.142706551049999,-26.4763949,8.64103042,-25.5728647,9.102841455,490.01177018078
"y_fit[204",-26.026441425,8.868911065925,-26.0282,8.86990135,0.273624995573379,0.140727864658825,0.262396478400001,0.142696765890002,-26.47639755,8.64103387,-25.5728686,9.102832115,490.01186378825
"y_fit[205",-26.0264992785,8.86888412875,-26.0282655,8.8699615,0.273618249640435,0.140726896816505,0.262406115300001,0.14261581593,-26.47642375,8.641078975,-25.57291875,9.10271491,490.013031364512
"y_fit[206",-26.026501972,8.86888287745,-26.0282685,8.8699644,0.273617926413402,0.140726850051402,0.2624083392,0.142621375680001,-26.4764245,8.641081225,-25.5729207,9.102709365,490.013086871994
"y_fit[207",-26.026502809,8.868882490925,-26.028269,8.86996525,0.273617826668283,0.140726835625433,0.262409080500001,0.142623080669999,-26.4764254,8.64108256,-25.57292165,9.102707615,490.013104045461
"y_fit[208",-26.02652515925,8.868872163375,-26.028276,8.86995735,0.273615090770543,0.140726385521776,0.2624283543,0.14264405946,-26.4764322,8.6411551,-25.57294095,9.102661115,490.013567060078
"y_fit[209",-26.026543352,8.868863775775,-26.028261,8.8699432,0.273612811013753,0.140725994149322,0.2624365086,0.14264405946,-26.47643735,8.6411974,-25.5729564,9.10262279,490.013948395755
"y_fit[210",-26.026564166,8.868854187075,-26.028243,8.8699266,0.273610138508695,0.140725477788569,0.262435026000001,0.142598840159999,-26.47644415,8.64120535,-25.5729747,9.102578435,490.014390001451
"y_fit[211",-26.0266142785,8.868831165075,-26.028197,8.8699187,0.273603373705897,0.140723984853164,0.2624461455,0.142507141349998,-26.4764586,8.641222325,-25.573018,9.1024688,490.01547882888
"y_fit[212",-26.0267116095,8.868787194375,-26.0282645,8.8696861,0.27358913808326,0.140720447318038,0.2624105631,0.14255428803,-26.47648535,8.64127015,-25.57310155,9.102244565,490.017700141012
"y_fit[213",-26.02673420625,8.86877722155,-26.028308,8.86965735,0.273585571351211,0.140719555601662,0.262463195400001,0.142568224469998,-26.47647775,8.64129561,-25.5731207,9.10219018,490.018237541798
"y_fit[214",-26.02678922025,8.8687532845,-26.0284155,8.8696556,0.273576483341562,0.140717097226743,0.262568460000002,0.142607439240001,-26.4763544,8.64136894,-25.57316855,9.102053875,490.019583936403
"y_fit[215",-26.0267906645,8.8687526654,-26.028418,8.86964855,0.273576250340263,0.140717028316974,0.262570683900004,0.14260128645,-26.4763573,8.641365955,-25.5731695,9.10205018,490.019619865166
"y_fit[216",-27.6896349865,8.21260001685,-27.68705,8.21516925,0.243829237632176,0.134260309156864,0.2418580206,0.13260567138,-28.08360685,7.987584525,-27.28820325,8.432955115,549.000639691246
"y_fit[217",-27.689644525,8.212598168425,-27.6870515,8.21517185,0.24382791853758,0.134260451799703,0.241869140099998,0.1325941071,-28.08361775,7.98757348,-27.28821925,8.432938275,549.000839056782
"y_fit[218",-27.6896796575,8.2125913388,-27.6870585,8.2151814,0.243823071130722,0.134260948512732,0.2419039812,0.132585211499999,-28.0836584,7.98757268,-27.28827525,8.432871695,549.001571003539
"y_fit[219",-27.68973786125,8.2125801521,-27.687071,8.21519725,0.243814891346824,0.134261852805067,0.241866916199998,0.13262020086,-28.0837248,7.98766949,-27.28836955,8.43278618,549.002769698119
"y_fit[220",-27.689742176,8.212579328275,-27.687072,8.21519855,0.243814277951014,0.134261916856825,0.241861727100001,0.132637992060001,-28.08372975,7.987676765,-27.2883771,8.4327904,549.002858241135
"y_fit[221",-27.6897786775,8.212572372475,-27.6870795,8.2152327,0.24380905591146,0.134262403584384,0.241815025199998,0.13270507971,-28.0837714,7.987738165,-27.28843615,8.432826115,549.003601418394
"y_fit[222",-27.689790657,8.212570084175,-27.687082,8.21524385,0.24380733756896,0.13426255424902,0.2417994579,0.1327030782,-28.0837843,7.987758305,-27.2884559,8.43283619,549.003844077257
"y_fit[223",-27.68981670575,8.212565138225,-27.687098,8.2152681,0.243803590276829,0.134262824079531,0.241789820999998,0.132738808859999,-28.08381405,7.9877941,-27.2884978,8.43279877,549.004369716016
"y_fit[224",-27.6898338225,8.21256191065,-27.6871185,8.2152787,0.243801127297664,0.134262983693806,0.241785373199999,0.132765940439998,-28.0838329,7.987789575,-27.2885255,8.432774155,549.004713048884
"y_fit[225",-27.6898436825,8.212560063825,-27.68713,8.21527745,0.243799705207625,0.134263075764154,0.2417816667,0.132770684759998,-28.0838448,7.98778694,-27.28856,8.43275997,549.004910389124
"y_fit[226",-27.6898625525,8.21255653945,-27.6871525,8.21527495,0.243796958298998,0.134263246224159,0.2417838906,0.132779654489998,-28.08386565,7.98778199,-27.28864595,8.432731895,549.005286787841
"y_fit[227",-27.68990948975,8.212547870875,-27.6872085,8.2152688,0.24379012585047,0.13426360140709,0.241781666699998,0.132802708920001,-28.0839182,7.987765025,-27.28882225,8.43266051,549.006216798243
"y_fit[228",-27.68992111825,8.212545725775,-27.6872225,8.21526725,0.243788414070868,0.134263668683556,0.241777218900001,0.13280849106,-28.0839311,7.98777718,-27.288863,8.43264285,549.006445819051
"y_fit[229",-27.6899421305,8.212541852575,-27.687247,8.2152645,0.243785309155903,0.134263777274369,0.241769064599998,0.13281909165,-28.08395395,7.987821175,-27.28893865,8.43261082,549.006858015056
"y_fit[230",-27.6899506715,8.212540289275,-27.687257,8.2152601,0.243784034417327,0.13426381610873,0.241765358100002,0.13281857274,-28.08396385,7.98783908,-27.2889535,8.432597585,549.007025065748
"y_fit[231",-27.689953353,8.21253980035,-27.68726,8.21525765,0.243783642774568,0.134263826104084,0.241761651599996,0.132816793619999,-28.08396685,7.98784473,-27.28895465,8.4325933,549.007077485546
"y_fit[232",-27.6900076075,8.212529915525,-27.687324,8.21520975,0.243775542325491,0.134264100585047,0.241682332499998,0.132804710429999,-28.0840264,7.987912195,-27.2889861,8.43250762,549.0081317619
"y_fit[233",-27.6901173375,8.21250998495,-27.687443,8.2150755,0.243758852403109,0.134264652847005,0.241562241899999,0.13283918088,-28.08414555,7.987943555,-27.2890481,8.432333415,549.010230922713
"y_fit[234",-27.69019956225,8.212495044225,-27.6875315,8.21502595,0.243746065769818,0.134264881396541,0.2415170226,0.132887958420003,-28.08423495,7.988284545,-27.28909385,8.432202245,549.011775491019
"y_fit[235",-27.69022032075,8.212491285825,-27.687549,8.2150423,0.243742801752116,0.134264927956868,0.2415073857,0.132929471220001,-28.0842568,7.988352775,-27.28910575,8.43216905,549.012161228186
"y_fit[236",-27.69023116925,8.212489316925,-27.6875585,8.2150509,0.243741088337651,0.134264940842862,0.241502937899998,0.13295230326,-28.08426875,7.98837137,-27.28911225,8.43215166,549.012362524672
"y_fit[237",-27.6902424485,8.21248727255,-27.687569,8.21505985,0.24373930600432,0.134264956069673,0.241497748799998,0.13297765572,-28.08428065,7.98839063,-27.2891187,8.432133575,549.012571217339
"y_fit[238",-27.690282463,8.212480012475,-27.687603,8.21507205,0.243732992716576,0.134265055940645,0.241479957600001,0.1330240611,-28.0843234,7.988458445,-27.2891685,8.43208156,549.013308464964
"y_fit[239",-27.69028612075,8.2124793492,-27.6876065,8.2150727,0.243732412929339,0.134265064057545,0.241478474999999,0.13302791586,-28.08432735,7.98846463,-27.2891733,8.432082255,549.013375570173
"y_fit[240",-27.690292042,8.212478278825,-27.6876115,8.2150739,0.243731469418886,0.134265079570294,0.2414762511,0.13303436517,-28.08433335,7.98847459,-27.2891811,8.43208336,549.013484112499
"y_fit[241",-27.6903151865,8.212474093025,-27.6876315,8.2150784,0.243727777489499,0.134265139358265,0.2414658729,0.133059050459999,-28.0843582,7.98843881,-27.2892121,8.43208754,549.013907641554
"y_fit[242",-27.69033318875,8.2124708498,-27.687647,8.21507475,0.243724898653325,0.134265185394037,0.241457718599999,0.133067501279999,-28.08437705,7.988409245,-27.2892363,8.432090755,549.014235890466
"y_fit[243",-27.69034598225,8.2124685621,-27.687658,8.21505335,0.243722842307837,0.134265225097765,0.241451788200001,0.133045410539999,-28.084391,7.98838876,-27.28925375,8.432093,549.014468476209
"y_fit[244",-27.690368664,8.212464516975,-27.6876775,8.2150247,0.243719194262612,0.13426530790245,0.241435479599997,0.133051118550001,-28.08441485,7.9883955,-27.2892847,8.43209713,549.014879434863
"y_fit[245",-27.6904054705,8.21245803245,-27.687709,8.21509185,0.243713231233936,0.134265396392019,0.241390260299996,0.13313273568,-28.0844536,7.98841577,-27.28933415,8.432103625,549.015542843323
"y_fit[246",-27.69042027475,8.21245545105,-27.6877215,8.2150932,0.243710817402431,0.134265424768102,0.241371727800003,0.13314059346,-28.08446855,7.988420565,-27.2893535,8.432106215,549.015808686493
"y_fit[247",-27.69042870775,8.212453985725,-27.687729,8.21508275,0.243709445425354,0.134265444355638,0.241361349599998,0.133120949010001,-28.0844775,7.9884224,-27.28936515,8.432107635,549.015959735094
"y_fit[248",-27.690482748,8.21244461955,-27.6877745,8.2150791,0.243700578718555,0.134265393462647,0.2412924087,0.13292124279,-28.0845342,7.988419725,-27.28943685,8.43210184,549.016923638671
"y_fit[249",-27.690528334,8.212436747875,-27.687812,8.21510975,0.243693016035911,0.134265356423955,0.241265721900002,0.13289070123,-28.08458195,7.98839746,-27.2894979,8.432132405,549.017730756435
"y_fit[250",-27.690557899,8.2124316879,-27.687823,8.2151033,0.243688138068935,0.134265316651681,0.241228656900001,0.132918648240002,-28.0846128,7.988373255,-27.2895376,8.432143265,549.018251563963
"y_fit[251",-27.6905893105,8.212426235075,-27.687835,8.21506855,0.243682913880134,0.1342652723303,0.2411997462,0.13292517168,-28.0846447,7.98833892,-27.28957925,8.432154765,549.018802345805
